ECSS Source Reference,ID,_class_
ECSS-E-ST-10C Rev.1,ECSS-E-ST-10_0790251,V
ECSS-E-ST-10C Rev.1,ECSS-E-ST-10_0790252,V
ECSS-E-ST-10C Rev.1,ECSS-E-ST-10_0790314,V
ECSS-E-ST-10C Rev.1,ECSS-E-ST-10_0790315,V
ECSS-E-ST-10C Rev.1,ECSS-E-ST-10_0790316,V
ECSS-E-ST-10C Rev.1,ECSS-E-ST-10_0790317,V
ECSS-E-ST-10C Rev.1,ECSS-E-ST-10_0790318,M
ECSS-E-ST-10C Rev.1,ECSS-E-ST-10_0790320,M
ECSS-E-ST-10C Rev.1,ECSS-E-ST-10_0790323,V
ECSS-E-ST-10C Rev.1,ECSS-E-ST-10_0790327,V
ECSS-E-ST-10C Rev.1,ECSS-E-ST-10_0790328,M
ECSS-E-ST-10C Rev.1,ECSS-E-ST-10_0790329,V
ECSS-E-ST-10C Rev.1,ECSS-E-ST-10_0790405,M
ECSS-E-ST-10-06C,ECSS-E-ST-10-06_0770001,M
ECSS-E-ST-10-06C,ECSS-E-ST-10-06_0770002,V
ECSS-E-ST-10-06C,ECSS-E-ST-10-06_0770005,V
ECSS-E-ST-10-06C,ECSS-E-ST-10-06_0770006,V
ECSS-E-ST-10-06C,ECSS-E-ST-10-06_0770007,V
ECSS-E-ST-10-06C,ECSS-E-ST-10-06_0770008,V
ECSS-E-ST-10-06C,ECSS-E-ST-10-06_0770009,V
ECSS-E-ST-10-06C,ECSS-E-ST-10-06_0770010,V
ECSS-E-ST-10-06C,ECSS-E-ST-10-06_0770011,M
ECSS-E-ST-10-06C,ECSS-E-ST-10-06_0770012,M
ECSS-E-ST-10-06C,ECSS-E-ST-10-06_0770013,V
ECSS-E-ST-10-06C,ECSS-E-ST-10-06_0770014,V
ECSS-E-ST-10-06C,ECSS-E-ST-10-06_0770015,V
ECSS-E-ST-10-06C,ECSS-E-ST-10-06_0770016,V
ECSS-E-ST-10-06C,ECSS-E-ST-10-06_0770017,V
ECSS-E-ST-10-06C,ECSS-E-ST-10-06_0770018,M
ECSS-E-ST-10-06C,ECSS-E-ST-10-06_0770019,M
ECSS-E-ST-10-06C,ECSS-E-ST-10-06_0770021,M
ECSS-E-ST-10-06C,ECSS-E-ST-10-06_0770023,M
ECSS-E-ST-10-06C,ECSS-E-ST-10-06_0770024,M
ECSS-E-ST-10-06C,ECSS-E-ST-10-06_0770025,M
ECSS-E-ST-10-06C,ECSS-E-ST-10-06_0770026,M
ECSS-E-ST-10-06C,ECSS-E-ST-10-06_0770027,M
ECSS-E-ST-10-06C,ECSS-E-ST-10-06_0770028,M
ECSS-E-ST-10-06C,ECSS-E-ST-10-06_0770029,M
ECSS-E-ST-10-06C,ECSS-E-ST-10-06_0770032,M
ECSS-E-ST-10-06C,ECSS-E-ST-10-06_0770033,M
ECSS-E-ST-10-06C,ECSS-E-ST-10-06_0770034,M
ECSS-E-ST-10-06C,ECSS-E-ST-10-06_0770039,M
ECSS-E-ST-10-06C,ECSS-E-ST-10-06_0770040,M
ECSS-E-ST-10-06C,ECSS-E-ST-10-06_0770041,M
ECSS-E-ST-10-06C,ECSS-E-ST-10-06_0770042,M
ECSS-E-ST-10-06C,ECSS-E-ST-10-06_0770043,M
ECSS-E-ST-10-06C,ECSS-E-ST-10-06_0770045,V
ECSS-E-ST-10-06C,ECSS-E-ST-10-06_0770046,V
ECSS-E-ST-10-06C,ECSS-E-ST-10-06_0770047,V
ECSS-E-ST-10-06C,ECSS-E-ST-10-06_0770049,V
ECSS-E-ST-10-06C,ECSS-E-ST-10-06_0770050,V
ECSS-E-ST-10-06C,ECSS-E-ST-10-06_0770051,V
ECSS-E-ST-10-06C,ECSS-E-ST-10-06_0770052,V
ECSS-E-ST-10-06C,ECSS-E-ST-10-06_0770053,V
ECSS-E-ST-10-06C,ECSS-E-ST-10-06_0770054,M
ECSS-E-ST-10-06C,ECSS-E-ST-10-06_0770055,M
ECSS-E-ST-10-06C,ECSS-E-ST-10-06_0770056,M
ECSS-E-ST-10-06C,ECSS-E-ST-10-06_0770057,M
ECSS-E-ST-10-06C,ECSS-E-ST-10-06_0770058,M
ECSS-E-ST-10-06C,ECSS-E-ST-10-06_0770059,M
ECSS-E-ST-10-06C,ECSS-E-ST-10-06_0770060,V
ECSS-E-ST-10-24C,ECSS-E-ST-10-24_1290039,V
ECSS-E-ST-10-24C,ECSS-E-ST-10-24_1290040,M
ECSS-E-ST-10-24C,ECSS-E-ST-10-24_1290041,M
ECSS-E-ST-10-24C,ECSS-E-ST-10-24_1290042,M
ECSS-E-ST-10-24C,ECSS-E-ST-10-24_1290045,M
ECSS-E-ST-10-24C,ECSS-E-ST-10-24_1290046,M
ECSS-E-ST-10-24C,ECSS-E-ST-10-24_1290047,V
ECSS-E-ST-10-24C,ECSS-E-ST-10-24_1290049,M
ECSS-E-ST-20-08C,ECSS-E-ST-20-08_0090001,NF
ECSS-E-ST-20-08C,ECSS-E-ST-20-08_0090002,NF
ECSS-E-ST-20-08C,ECSS-E-ST-20-08_0090003,NF
ECSS-E-ST-20-08C,ECSS-E-ST-20-08_0090005,NF
ECSS-E-ST-20-08C,ECSS-E-ST-20-08_0090006,NF
ECSS-E-ST-20-08C,ECSS-E-ST-20-08_0090007,NF
ECSS-E-ST-20-08C,ECSS-E-ST-20-08_0090008,NF
ECSS-E-ST-20-08C,ECSS-E-ST-20-08_0090009,NF
ECSS-E-ST-20-08C,ECSS-E-ST-20-08_0090010,NF
ECSS-E-ST-20-08C,ECSS-E-ST-20-08_0090011,NF
ECSS-E-ST-20-08C,ECSS-E-ST-20-08_0090012,NF
ECSS-E-ST-20-08C,ECSS-E-ST-20-08_0090018,NF
ECSS-E-ST-20-08C,ECSS-E-ST-20-08_0090019,NF
ECSS-E-ST-20-08C,ECSS-E-ST-20-08_0090020,NF
ECSS-E-ST-20-08C,ECSS-E-ST-20-08_0090022,NF
ECSS-E-ST-20-08C,ECSS-E-ST-20-08_0090024,NF
ECSS-E-ST-20-08C,ECSS-E-ST-20-08_0090025,NF
ECSS-E-ST-20-08C,ECSS-E-ST-20-08_0090026,NF
ECSS-E-ST-20-08C,ECSS-E-ST-20-08_0090027,NF
ECSS-E-ST-20-08C,ECSS-E-ST-20-08_0090029,NF
ECSS-E-ST-20-08C,ECSS-E-ST-20-08_0090030,NF
ECSS-E-ST-20-08C,ECSS-E-ST-20-08_0090032,NF
ECSS-E-ST-20-08C,ECSS-E-ST-20-08_0090033,NF
ECSS-E-ST-20-08C,ECSS-E-ST-20-08_0090250,NF
ECSS-E-ST-20-08C,ECSS-E-ST-20-08_0090251,NF
ECSS-E-ST-20-08C,ECSS-E-ST-20-08_0090252,NF
ECSS-E-ST-20-08C,ECSS-E-ST-20-08_0090253,NF
ECSS-E-ST-20-08C,ECSS-E-ST-20-08_0090254,NF
ECSS-E-ST-20-08C,ECSS-E-ST-20-08_0090255,NF
ECSS-E-ST-20-08C,ECSS-E-ST-20-08_0090256,NF
ECSS-E-ST-20-08C,ECSS-E-ST-20-08_0090257,NF
ECSS-E-ST-20-08C,ECSS-E-ST-20-08_0090258,NF
ECSS-E-ST-20-08C,ECSS-E-ST-20-08_0090261,NF
ECSS-E-ST-20-08C,ECSS-E-ST-20-08_0090262,NF
ECSS-E-ST-20-08C,ECSS-E-ST-20-08_0090265,NF
ECSS-E-ST-20-08C,ECSS-E-ST-20-08_0090266,NF
ECSS-E-ST-20-08C,ECSS-E-ST-20-08_0090267,NF
ECSS-E-ST-20-08C,ECSS-E-ST-20-08_0090268,NF
ECSS-E-ST-20-08C,ECSS-E-ST-20-08_0090269,NF
ECSS-E-ST-20-08C,ECSS-E-ST-20-08_0090552,NF
ECSS-E-ST-20-08C,ECSS-E-ST-20-08_0090553,NF
ECSS-E-ST-20-08C,ECSS-E-ST-20-08_0090554,NF
ECSS-E-ST-20-08C,ECSS-E-ST-20-08_0090555,NF
ECSS-E-ST-20-08C,ECSS-E-ST-20-08_0090602,NF
ECSS-E-ST-20-08C,ECSS-E-ST-20-08_0090603,NF
ECSS-E-ST-20-08C,ECSS-E-ST-20-08_0090604,NF
ECSS-E-ST-20-08C,ECSS-E-ST-20-08_0090605,NF
ECSS-E-ST-20-08C,ECSS-E-ST-20-08_0090606,NF
ECSS-E-ST-20-08C,ECSS-E-ST-20-08_0090607,NF
ECSS-E-ST-20-08C,ECSS-E-ST-20-08_0090608,NF
ECSS-E-ST-20-08C,ECSS-E-ST-20-08_0090609,NF
ECSS-E-ST-20-08C,ECSS-E-ST-20-08_0090610,NF
ECSS-E-ST-20-08C,ECSS-E-ST-20-08_0090611,NF
ECSS-E-ST-20-08C,ECSS-E-ST-20-08_0090612,NF
ECSS-E-ST-20-08C,ECSS-E-ST-20-08_0090613,NF
ECSS-E-ST-20-08C,ECSS-E-ST-20-08_0090614,NF
ECSS-E-ST-20-08C,ECSS-E-ST-20-08_0090615,NF
ECSS-E-ST-20-08C,ECSS-E-ST-20-08_0091063,NF
ECSS-E-ST-20-08C,ECSS-E-ST-20-08_0091064,NF
ECSS-E-ST-20-08C,ECSS-E-ST-20-08_0091065,NF
ECSS-E-ST-40C,ECSS-E-ST-40_0860001,PM
ECSS-E-ST-40C,ECSS-E-ST-40_0860002,PM
ECSS-E-ST-40C,ECSS-E-ST-40_0860003,PM
ECSS-E-ST-40C,ECSS-E-ST-40_0860004,PM
ECSS-E-ST-40C,ECSS-E-ST-40_0860005,PM
ECSS-E-ST-40C,ECSS-E-ST-40_0860006,PM
ECSS-E-ST-40C,ECSS-E-ST-40_0860007,PM
ECSS-E-ST-40C,ECSS-E-ST-40_0860008,PM
ECSS-E-ST-40C,ECSS-E-ST-40_0860009,PM
ECSS-E-ST-40C,ECSS-E-ST-40_0860010,PM
ECSS-E-ST-40C,ECSS-E-ST-40_0860011,PM
ECSS-E-ST-40C,ECSS-E-ST-40_0860012,PM
ECSS-E-ST-40C,ECSS-E-ST-40_0860013,PM
ECSS-E-ST-40C,ECSS-E-ST-40_0860014,PM
ECSS-E-ST-40C,ECSS-E-ST-40_0860015,PM
ECSS-E-ST-40C,ECSS-E-ST-40_0860016,PM
ECSS-E-ST-40C,ECSS-E-ST-40_0860017,PM
ECSS-E-ST-40C,ECSS-E-ST-40_0860018,PM
ECSS-E-ST-40C,ECSS-E-ST-40_0860019,PM
ECSS-E-ST-40C,ECSS-E-ST-40_0860020,PM
ECSS-E-ST-40C,ECSS-E-ST-40_0860021,PM
ECSS-E-ST-40C,ECSS-E-ST-40_0860022,PM
ECSS-E-ST-40C,ECSS-E-ST-40_0860023,PM
ECSS-E-ST-40C,ECSS-E-ST-40_0860024,PM
ECSS-E-ST-40C,ECSS-E-ST-40_0860025,PM
ECSS-E-ST-40C,ECSS-E-ST-40_0860026,PM
ECSS-E-ST-40C,ECSS-E-ST-40_0860027,PM
ECSS-E-ST-40C,ECSS-E-ST-40_0860028,PM
ECSS-E-ST-40C,ECSS-E-ST-40_0860029,PM
ECSS-E-ST-40C,ECSS-E-ST-40_0860030,PM
ECSS-E-ST-40C,ECSS-E-ST-40_0860031,PM
ECSS-E-ST-40C,ECSS-E-ST-40_0860032,PM
ECSS-E-ST-40C,ECSS-E-ST-40_0860033,PM
ECSS-E-ST-40C,ECSS-E-ST-40_0860034,PM
ECSS-E-ST-40C,ECSS-E-ST-40_0860035,PM
ECSS-E-ST-40C,ECSS-E-ST-40_0860036,PM
ECSS-E-ST-40C,ECSS-E-ST-40_0860037,PM
ECSS-E-ST-40C,ECSS-E-ST-40_0860038,PM
ECSS-E-ST-40C,ECSS-E-ST-40_0860039,PM
ECSS-E-ST-40C,ECSS-E-ST-40_0860040,PM
ECSS-E-ST-40C,ECSS-E-ST-40_0860041,PM
ECSS-E-ST-40C,ECSS-E-ST-40_0860042,PM
ECSS-E-ST-40C,ECSS-E-ST-40_0860043,PM
ECSS-E-ST-40C,ECSS-E-ST-40_0860044,PM
ECSS-E-ST-40C,ECSS-E-ST-40_0860045,PM
ECSS-E-ST-40C,ECSS-E-ST-40_0860046,PM
ECSS-E-ST-40C,ECSS-E-ST-40_0860047,PM
ECSS-E-ST-40C,ECSS-E-ST-40_0860048,PM
ECSS-E-ST-40C,ECSS-E-ST-40_0860049,PM
ECSS-E-ST-40C,ECSS-E-ST-40_0860050,PM
ECSS-E-ST-40C,ECSS-E-ST-40_0860051,PM
ECSS-E-ST-40C,ECSS-E-ST-40_0860052,PM
ECSS-E-ST-40C,ECSS-E-ST-40_0860053,PM
ECSS-E-ST-40C,ECSS-E-ST-40_0860054,PM
ECSS-E-ST-40C,ECSS-E-ST-40_0860055,PM
ECSS-E-ST-40C,ECSS-E-ST-40_0860056,PM
ECSS-E-ST-40C,ECSS-E-ST-40_0860058,PM
ECSS-E-ST-40C,ECSS-E-ST-40_0860059,PM
ECSS-E-ST-40C,ECSS-E-ST-40_0860060,PM
ECSS-E-ST-40C,ECSS-E-ST-40_0860061,PM
ECSS-E-ST-40C,ECSS-E-ST-40_0860062,PM
ECSS-E-ST-40C,ECSS-E-ST-40_0860063,PM
ECSS-E-ST-40C,ECSS-E-ST-40_0860064,PM
ECSS-E-ST-40C,ECSS-E-ST-40_0860065,PM
ECSS-E-ST-40C,ECSS-E-ST-40_0860066,PM
ECSS-E-ST-40C,ECSS-E-ST-40_0860067,PM
ECSS-E-ST-40C,ECSS-E-ST-40_0860068,PM
ECSS-E-ST-40C,ECSS-E-ST-40_0860069,PM
ECSS-E-ST-40C,ECSS-E-ST-40_0860070,PM
ECSS-E-ST-40C,ECSS-E-ST-40_0860208,V
ECSS-E-ST-40C,ECSS-E-ST-40_0860209,V
ECSS-E-ST-40C,ECSS-E-ST-40_0860210,V
ECSS-E-ST-40C,ECSS-E-ST-40_0860211,V
ECSS-E-ST-40C,ECSS-E-ST-40_0860212,V
ECSS-E-ST-40C,ECSS-E-ST-40_0860216,V
ECSS-E-ST-40C,ECSS-E-ST-40_0860217,V
ECSS-E-ST-40C,ECSS-E-ST-40_0860218,V
ECSS-E-ST-40C,ECSS-E-ST-40_0860219,M
ECSS-E-ST-40C,ECSS-E-ST-40_0860220,M
ECSS-E-ST-40C,ECSS-E-ST-40_0860221,M
ECSS-E-ST-40C,ECSS-E-ST-40_0860222,V
ECSS-E-ST-40C,ECSS-E-ST-40_0860223,M
ECSS-E-ST-40C,ECSS-E-ST-40_0860224,M
ECSS-E-ST-40C,ECSS-E-ST-40_0860225,M
ECSS-E-ST-40C,ECSS-E-ST-40_0860226,V
ECSS-E-ST-40C,ECSS-E-ST-40_0860227,V
ECSS-E-ST-40C,ECSS-E-ST-40_0860228,M
ECSS-E-ST-40C,ECSS-E-ST-40_0860229,V
ECSS-E-ST-40C,ECSS-E-ST-40_0860230,V
ECSS-E-ST-40C,ECSS-E-ST-40_0860231,V
ECSS-E-ST-40C,ECSS-E-ST-40_0860232,V
ECSS-E-ST-40C,ECSS-E-ST-40_0860233,V
ECSS-E-ST-40C,ECSS-E-ST-40_0860234,V
ECSS-E-ST-40C,ECSS-E-ST-40_0860235,V
ECSS-E-ST-40C,ECSS-E-ST-40_0860236,V
ECSS-E-ST-40C,ECSS-E-ST-40_0860237,V
ECSS-E-ST-40C,ECSS-E-ST-40_0860238,V
ECSS-E-ST-40C,ECSS-E-ST-40_0860239,V
ECSS-E-ST-40C,ECSS-E-ST-40_0860240,V
ECSS-E-ST-40C,ECSS-E-ST-40_0860241,V
ECSS-E-ST-40C,ECSS-E-ST-40_0860242,V
ECSS-E-ST-40C,ECSS-E-ST-40_0860243,V
ECSS-E-ST-40C,ECSS-E-ST-40_0860244,V
ECSS-E-ST-40C,ECSS-E-ST-40_0860245,M
ECSS-E-ST-40C,ECSS-E-ST-40_0860247,V
ECSS-E-ST-40C,ECSS-E-ST-40_0860249,V
ECSS-E-ST-40C,ECSS-E-ST-40_0860252,V
ECSS-E-ST-40C,ECSS-E-ST-40_0860253,V
ECSS-E-ST-40C,ECSS-E-ST-40_0860258,V
ECSS-E-ST-40C,ECSS-E-ST-40_0860259,M
ECSS-E-ST-40C,ECSS-E-ST-40_0860260,V
ECSS-E-ST-40C,ECSS-E-ST-40_0860261,V
ECSS-E-ST-40C,ECSS-E-ST-40_0860262,V
ECSS-E-ST-40C,ECSS-E-ST-40_0860263,V
ECSS-E-ST-40C,ECSS-E-ST-40_0860264,M
ECSS-E-ST-40C,ECSS-E-ST-40_0860267,V
ECSS-E-ST-40C,ECSS-E-ST-40_0860269,V
ECSS-E-ST-40C,ECSS-E-ST-40_0860270,V
ECSS-E-ST-40C,ECSS-E-ST-40_0860271,V
ECSS-E-ST-40C,ECSS-E-ST-40_0860272,V
ECSS-E-ST-40C,ECSS-E-ST-40_0860276,M
ECSS-E-ST-40C,ECSS-E-ST-40_0860277,M
ECSS-E-ST-40C,ECSS-E-ST-40_0860278,M
ECSS-E-ST-40C,ECSS-E-ST-40_0860280,V
ECSS-E-ST-40C,ECSS-E-ST-40_0860281,V
ECSS-E-ST-40C,ECSS-E-ST-40_0860282,V
ECSS-E-ST-40C,ECSS-E-ST-40_0860284,V
ECSS-E-ST-40C,ECSS-E-ST-40_0860285,V
ECSS-E-ST-40C,ECSS-E-ST-40_0860286,V
ECSS-E-ST-40C,ECSS-E-ST-40_0860290,V
ECSS-E-ST-40C,ECSS-E-ST-40_0860293,V
ECSS-E-ST-40C,ECSS-E-ST-40_0860294,V
ECSS-E-ST-40C,ECSS-E-ST-40_0860295,V
ECSS-E-ST-40C,ECSS-E-ST-40_0860296,V
ECSS-E-ST-40C,ECSS-E-ST-40_0860297,V
ECSS-E-ST-40C,ECSS-E-ST-40_0860298,V
ECSS-E-ST-40C,ECSS-E-ST-40_0860299,V
ECSS-E-ST-40C,ECSS-E-ST-40_0860300,V
ECSS-E-ST-40C,ECSS-E-ST-40_0860301,V
ECSS-E-ST-40C,ECSS-E-ST-40_0860302,V
ECSS-E-ST-40C,ECSS-E-ST-40_0860303,V
ECSS-E-ST-40C,ECSS-E-ST-40_0860304,V
ECSS-E-ST-40C,ECSS-E-ST-40_0860305,V
ECSS-E-ST-40C,ECSS-E-ST-40_0860306,V
ECSS-E-ST-40C,ECSS-E-ST-40_0860308,V
ECSS-E-ST-40C,ECSS-E-ST-40_0860668,V
ECSS-E-ST-40C,ECSS-E-ST-40_0860669,M
ECSS-E-ST-40C,ECSS-E-ST-40_0860673,V
ECSS-E-ST-40C,ECSS-E-ST-40_0860676,V
ECSS-E-ST-40C,ECSS-E-ST-40_0860677,M
ECSS-E-ST-40C,ECSS-E-ST-40_0860678,M
ECSS-E-ST-40C,ECSS-E-ST-40_0860679,M
ECSS-E-ST-60-10C,ECSS-E-ST-60-10_1020001,M
ECSS-E-ST-60-10C,ECSS-E-ST-60-10_1020002,M
ECSS-E-ST-60-10C,ECSS-E-ST-60-10_1020003,M
ECSS-E-ST-60-10C,ECSS-E-ST-60-10_1020004,M
ECSS-E-ST-60-10C,ECSS-E-ST-60-10_1020005,M
ECSS-E-ST-60-20C Rev. 2,ECSS-E-ST-60-20_0920001,F
ECSS-E-ST-60-20C Rev. 2,ECSS-E-ST-60-20_0920002,F
ECSS-E-ST-60-20C Rev. 2,ECSS-E-ST-60-20_0920003,F
ECSS-E-ST-60-20C Rev. 2,ECSS-E-ST-60-20_0920004,NF
ECSS-E-ST-60-20C Rev. 2,ECSS-E-ST-60-20_0920005,F
ECSS-E-ST-60-20C Rev. 2,ECSS-E-ST-60-20_0920006,F
ECSS-E-ST-60-20C Rev. 2,ECSS-E-ST-60-20_0920007,F
ECSS-E-ST-60-20C Rev. 1,ECSS-E-ST-60-20_0920008,F
ECSS-E-ST-60-20C Rev. 2,ECSS-E-ST-60-20_0920008,F
ECSS-E-ST-60-20C Rev. 2,ECSS-E-ST-60-20_0920009,F
ECSS-E-ST-60-20C Rev. 2,ECSS-E-ST-60-20_0920010,F
ECSS-E-ST-60-20C Rev. 2,ECSS-E-ST-60-20_0920011,F
ECSS-E-ST-60-20C Rev. 2,ECSS-E-ST-60-20_0920012,F
ECSS-E-ST-60-20C Rev. 2,ECSS-E-ST-60-20_0920013,F
ECSS-E-ST-60-20C Rev. 1,ECSS-E-ST-60-20_0920013,F
ECSS-E-ST-60-20C Rev. 1,ECSS-E-ST-60-20_0920014,F
ECSS-E-ST-60-20C Rev. 2,ECSS-E-ST-60-20_0920014,F
ECSS-E-ST-60-20C Rev. 1,ECSS-E-ST-60-20_0920015,F
ECSS-E-ST-60-20C Rev. 2,ECSS-E-ST-60-20_0920015,F
ECSS-E-ST-60-20C Rev. 2,ECSS-E-ST-60-20_0920016,F
ECSS-E-ST-60-20C Rev. 2,ECSS-E-ST-60-20_0920017,F
ECSS-E-ST-60-20C Rev. 2,ECSS-E-ST-60-20_0920018,NF
ECSS-E-ST-60-20C Rev. 2,ECSS-E-ST-60-20_0920019,F
ECSS-E-ST-60-20C Rev. 2,ECSS-E-ST-60-20_0920020,F
ECSS-E-ST-60-20C Rev. 2,ECSS-E-ST-60-20_0920021,NF
ECSS-E-ST-60-20C Rev. 2,ECSS-E-ST-60-20_0920023,F
ECSS-E-ST-60-20C Rev. 2,ECSS-E-ST-60-20_0920024,NF
ECSS-E-ST-60-20C Rev. 2,ECSS-E-ST-60-20_0920025,NF
ECSS-E-ST-60-20C Rev. 2,ECSS-E-ST-60-20_0920026,NF
ECSS-E-ST-60-20C Rev. 2,ECSS-E-ST-60-20_0920027,NF
ECSS-E-ST-60-20C Rev. 2,ECSS-E-ST-60-20_0920028,F
ECSS-E-ST-60-20C Rev. 2,ECSS-E-ST-60-20_0920029,F
ECSS-E-ST-60-20C Rev. 2,ECSS-E-ST-60-20_0920030,F
ECSS-E-ST-60-20C Rev. 2,ECSS-E-ST-60-20_0920031,NF
ECSS-E-ST-60-20C Rev. 2,ECSS-E-ST-60-20_0920090,NF
ECSS-E-ST-60-20C Rev. 2,ECSS-E-ST-60-20_0920091,NF
ECSS-E-ST-60-20C Rev. 2,ECSS-E-ST-60-20_0920155,NF
ECSS-E-ST-60-20C Rev. 2,ECSS-E-ST-60-20_0920159,NF
ECSS-E-ST-60-21C,ECSS-E-ST-60-21_1350001,F
ECSS-E-ST-60-21C,ECSS-E-ST-60-21_1350002,F
ECSS-E-ST-60-21C,ECSS-E-ST-60-21_1350003,F
ECSS-E-ST-60-21C,ECSS-E-ST-60-21_1350004,F
ECSS-E-ST-60-21C,ECSS-E-ST-60-21_1350005,F
ECSS-E-ST-60-21C,ECSS-E-ST-60-21_1350006,F
ECSS-E-ST-60-21C,ECSS-E-ST-60-21_1350007,NF
ECSS-E-ST-60-21C,ECSS-E-ST-60-21_1350008,NF
ECSS-E-ST-60-21C,ECSS-E-ST-60-21_1350009,F
ECSS-E-ST-60-21C,ECSS-E-ST-60-21_1350010,NF
ECSS-E-ST-60-21C,ECSS-E-ST-60-21_1350011,F
ECSS-E-ST-60-21C,ECSS-E-ST-60-21_1350012,NF
ECSS-E-ST-60-21C,ECSS-E-ST-60-21_1350013,NF
ECSS-E-ST-60-21C,ECSS-E-ST-60-21_1350014,NF
ECSS-E-ST-60-21C,ECSS-E-ST-60-21_1350015,NF
ECSS-E-ST-60-21C,ECSS-E-ST-60-21_1350016,NF
ECSS-E-ST-60-21C,ECSS-E-ST-60-21_1350017,NF
ECSS-E-ST-60-21C,ECSS-E-ST-60-21_1350018,F
ECSS-E-ST-60-21C,ECSS-E-ST-60-21_1350019,F
ECSS-E-ST-60-21C,ECSS-E-ST-60-21_1350020,F
ECSS-E-ST-60-21C,ECSS-E-ST-60-21_1350021,F
ECSS-E-ST-60-21C,ECSS-E-ST-60-21_1350022,NF
ECSS-E-ST-60-21C,ECSS-E-ST-60-21_1350023,F
ECSS-E-ST-60-21C,ECSS-E-ST-60-21_1350024,F
ECSS-E-ST-60-21C,ECSS-E-ST-60-21_1350025,NF
ECSS-E-ST-60-21C,ECSS-E-ST-60-21_1350026,F
ECSS-E-ST-60-21C,ECSS-E-ST-60-21_1350035,F
ECSS-E-ST-60-21C,ECSS-E-ST-60-21_1350036,F
ECSS-E-ST-60-21C,ECSS-E-ST-60-21_1350037,NF
ECSS-E-ST-60-21C,ECSS-E-ST-60-21_1350038,F
ECSS-E-ST-60-21C,ECSS-E-ST-60-21_1350039,F
ECSS-E-ST-60-21C,ECSS-E-ST-60-21_1350040,NF
ECSS-E-ST-60-21C,ECSS-E-ST-60-21_1350041,NF
ECSS-E-ST-60-21C,ECSS-E-ST-60-21_1350042,F
ECSS-E-ST-60-21C,ECSS-E-ST-60-21_1350043,F
ECSS-E-ST-60-21C,ECSS-E-ST-60-21_1350044,F
ECSS-E-ST-60-21C,ECSS-E-ST-60-21_1350045,F
ECSS-E-ST-60-21C,ECSS-E-ST-60-21_1350046,NF
ECSS-E-ST-60-21C,ECSS-E-ST-60-21_1350047,F
ECSS-E-ST-60-21C,ECSS-E-ST-60-21_1350048,F
ECSS-E-ST-60-21C,ECSS-E-ST-60-21_1350049,F
ECSS-E-ST-60-21C,ECSS-E-ST-60-21_1350050,NF
ECSS-E-ST-60-21C,ECSS-E-ST-60-21_1350051,NF
ECSS-E-ST-60-21C,ECSS-E-ST-60-21_1350052,F
ECSS-E-ST-60-21C,ECSS-E-ST-60-21_1350053,NF
ECSS-E-ST-60-21C,ECSS-E-ST-60-21_1350054,F
ECSS-E-ST-60-21C,ECSS-E-ST-60-21_1350055,NF
ECSS-E-ST-60-21C,ECSS-E-ST-60-21_1350056,F
ECSS-E-ST-60-21C,ECSS-E-ST-60-21_1350057,NF
ECSS-E-ST-60-21C,ECSS-E-ST-60-21_1350060,F
ECSS-E-ST-60-30C,ECSS-E-ST-60-30_1160001,F
ECSS-E-ST-60-30C,ECSS-E-ST-60-30_1160002,F
ECSS-E-ST-60-30C,ECSS-E-ST-60-30_1160003,F
ECSS-E-ST-60-30C,ECSS-E-ST-60-30_1160004,F
ECSS-E-ST-60-30C,ECSS-E-ST-60-30_1160005,F
ECSS-E-ST-60-30C,ECSS-E-ST-60-30_1160006,F
ECSS-E-ST-60-30C,ECSS-E-ST-60-30_1160007,F
ECSS-E-ST-60-30C,ECSS-E-ST-60-30_1160008,F
ECSS-E-ST-60-30C,ECSS-E-ST-60-30_1160009,F
ECSS-E-ST-60-30C,ECSS-E-ST-60-30_1160010,F
ECSS-E-ST-60-30C,ECSS-E-ST-60-30_1160011,F
ECSS-E-ST-60-30C,ECSS-E-ST-60-30_1160012,F
ECSS-E-ST-60-30C,ECSS-E-ST-60-30_1160013,F
ECSS-E-ST-60-30C,ECSS-E-ST-60-30_1160014,F
ECSS-E-ST-60-30C,ECSS-E-ST-60-30_1160015,F
ECSS-E-ST-60-30C,ECSS-E-ST-60-30_1160019,NF
ECSS-E-ST-60-30C,ECSS-E-ST-60-30_1160020,NF
ECSS-E-ST-60-30C,ECSS-E-ST-60-30_1160025,F
ECSS-E-ST-60-30C,ECSS-E-ST-60-30_1160026,F
ECSS-E-ST-60-30C,ECSS-E-ST-60-30_1160028,F
ECSS-E-ST-60-30C,ECSS-E-ST-60-30_1160033,F
ECSS-E-ST-60-30C,ECSS-E-ST-60-30_1160034,F
ECSS-E-ST-60-30C,ECSS-E-ST-60-30_1160035,F
ECSS-E-ST-60-30C,ECSS-E-ST-60-30_1160037,F
ECSS-E-ST-70-01C,ECSS-E-ST-70-01_1060074,F
ECSS-E-ST-70-01C,ECSS-E-ST-70-01_1060075,F
ECSS-E-ST-70-01C,ECSS-E-ST-70-01_1060076,F
ECSS-E-ST-70-01C,ECSS-E-ST-70-01_1060077,F
ECSS-E-ST-70-01C,ECSS-E-ST-70-01_1060079,F
ECSS-E-ST-70-01C,ECSS-E-ST-70-01_1060080,F
ECSS-E-ST-70-01C,ECSS-E-ST-70-01_1060081,F
ECSS-Q-ST-30-09C,ECSS-Q-ST-30-09_0400001,M
ECSS-Q-ST-30-09C,ECSS-Q-ST-30-09_0400002,M
ECSS-Q-ST-30-09C,ECSS-Q-ST-30-09_0400003,M
ECSS-Q-ST-30-09C,ECSS-Q-ST-30-09_0400006,M
ECSS-Q-ST-30-09C,ECSS-Q-ST-30-09_0400007,M
ECSS-Q-ST-30-09C,ECSS-Q-ST-30-09_0400008,M
ECSS-Q-ST-30-09C,ECSS-Q-ST-30-09_0400009,M
ECSS-Q-ST-30-09C,ECSS-Q-ST-30-09_0400010,M
ECSS-Q-ST-30-09C,ECSS-Q-ST-30-09_0400013,M
ECSS-Q-ST-30-09C,ECSS-Q-ST-30-09_0400014,M
ECSS-Q-ST-30-09C,ECSS-Q-ST-30-09_0400016,M
ECSS-Q-ST-30-09C,ECSS-Q-ST-30-09_0400019,M
ECSS-Q-ST-30-09C,ECSS-Q-ST-30-09_0400020,M
ECSS-Q-ST-40C Rev.1,ECSS-Q-ST-40_0440082,M
ECSS-Q-ST-40C Rev.1,ECSS-Q-ST-40_0440083,M
ECSS-Q-ST-80C Rev.1,ECSS-Q-ST-80_0720001,PM
ECSS-Q-ST-80C Rev.1,ECSS-Q-ST-80_0720002,PM
ECSS-Q-ST-80C Rev.1,ECSS-Q-ST-80_0720003,PM
ECSS-Q-ST-80C Rev.1,ECSS-Q-ST-80_0720004,PM
ECSS-Q-ST-80C Rev.1,ECSS-Q-ST-80_0720005,PM
ECSS-Q-ST-80C Rev.1,ECSS-Q-ST-80_0720006,PM
ECSS-Q-ST-80C Rev.1,ECSS-Q-ST-80_0720007,PM
ECSS-Q-ST-80C Rev.1,ECSS-Q-ST-80_0720008,PM
ECSS-Q-ST-80C Rev.1,ECSS-Q-ST-80_0720009,PM
ECSS-Q-ST-80C Rev.1,ECSS-Q-ST-80_0720039,M
ECSS-Q-ST-80C Rev.1,ECSS-Q-ST-80_0720040,PM
ECSS-Q-ST-80C Rev.1,ECSS-Q-ST-80_0720151,PM
ECSS-Q-ST-80C Rev.1,ECSS-Q-ST-80_0720157,V
ECSS-Q-ST-80C Rev.1,ECSS-Q-ST-80_0720158,PM
ECSS-Q-ST-80C Rev.1,ECSS-Q-ST-80_0720228,M
ECSS-Q-ST-80C Rev.1,ECSS-Q-ST-80_0720229,M
ECSS-Q-ST-80C Rev.1,ECSS-Q-ST-80_0720230,PM
ECSS-Q-ST-80C Rev.1,ECSS-Q-ST-80_0720231,PM
ECSS-Q-ST-80C Rev.1,ECSS-Q-ST-80_0720232,NF
ECSS-Q-ST-80C Rev.1,ECSS-Q-ST-80_0720233,NF
ECSS-Q-ST-80C Rev.1,ECSS-Q-ST-80_0720234,NF
ECSS-Q-ST-80C Rev.1,ECSS-Q-ST-80_0720235,NF
ECSS-Q-ST-80C Rev.1,ECSS-Q-ST-80_0720236,M
ECSS-Q-ST-80C Rev.1,ECSS-Q-ST-80_0720237,M
ECSS-Q-ST-80C Rev.1,ECSS-Q-ST-80_0720238,M
ECSS-S-ST-00C,ECSS-S-ST-00_1000001,PM
ECSS-S-ST-00C,ECSS-S-ST-00_1000002,PM
ECSS-S-ST-00C,ECSS-S-ST-00_1000003,PM
ECSS-S-ST-00C,ECSS-S-ST-00_1000004,V
ECSS-S-ST-00C,ECSS-S-ST-00_1000005,PM
ECSS-S-ST-00C,ECSS-S-ST-00_1000006,V
ECSS-E-ST-10C Rev.1,ECSS-E-ST-10_0790004,PM
ECSS-E-ST-10C Rev.1,ECSS-E-ST-10_0790005,PM
ECSS-E-ST-10C Rev.1,ECSS-E-ST-10_0790006,M
ECSS-E-ST-10C Rev.1,ECSS-E-ST-10_0790007,M
ECSS-E-ST-10C Rev.1,ECSS-E-ST-10_0790008,M
ECSS-E-ST-10C Rev.1,ECSS-E-ST-10_0790009,M
ECSS-E-ST-10C Rev.1,ECSS-E-ST-10_0790010,PM
ECSS-E-ST-10C Rev.1,ECSS-E-ST-10_0790012,PM
ECSS-E-ST-10C Rev.1,ECSS-E-ST-10_0790013,PM
ECSS-E-ST-10C Rev.1,ECSS-E-ST-10_0790014,PM
ECSS-E-ST-10C Rev.1,ECSS-E-ST-10_0790016,PM
ECSS-E-ST-10C Rev.1,ECSS-E-ST-10_0790017,PM
ECSS-E-ST-10C Rev.1,ECSS-E-ST-10_0790152,V
ECSS-E-ST-60-20C Rev. 2,ECSS-E-ST-60-20_0920022,F
ECSS-E-ST-60-20C Rev. 2,ECSS-E-ST-60-20_0920042,NF
