ECSS Source Reference,ID,RequirementText,_class_
ECSS_E_ST_35CRev1,1.0,system shall refresh display every second lv ts tvtest iaw rs mss,PE
ECSS_E_ST_40_07C,1.0,application shall match color schema set forth department homeland security,LF
ECSS_E_ST_40_07C,1.0,project data must readable x projection screen viewer must able read event activity data view distance,US
ECSS_E_ST_40_07C,1.0,product shall available normal business hour long user access client pc system available time first six month operation,A
ECSS_E_ST_40_07C,1.0,project data must understandable x projection screen viewer must able determine event activity occur current time view distance,US
ECSS_E_ST_40_07C,1.0,product shall ensure access authorized user product able distinguish authorize unauthorized user access attempt,SE
ECSS_E_ST_40_07C,1.0,product shall intuitive selfexplanatory new user shall able start display event activity within minute use product,US
ECSS_E_ST_40_07C,1.0,product shall respond fast keep uptodate data display,PE
ECSS_E_ST_35CRev1,1.0,system shall mdi form allow view graph data table,F
ECSS_E_ST_35CRev1,1.0,system shall display event vertical table time,F
ECSS_E_ST_35CRev1,1.0,system shall display event graph time,F
ECSS_E_ST_35CRev1,1.0,system shall display event activity,F
ECSS-E-ST-10-06C,1.0,display shall two region leave display graphical right display data table,F
ECSS-E-ST-10-06C,1.0,data display node within graph row table msel summary data,F
ECSS-E-ST-10-06C,1.0,table side display shall split region sequential temporal,F
ECSS_E_ST_20_01C,1.0,top table hold event occur sequentially,F
ECSS_E_ST_20_01C,1.0,bottom table hold event occur accord relevance current time,F
ECSS_Q_ST_40C,1.0,system shall color code event accord variance current time,F
ECSS_Q_ST_40C,1.0,system shall display data sync matrix exercise management tool application,F
ECSS_Q_ST_40C,1.0,system shall link event back either sync matrix exercise managment tool application modification,F
ECSS_Q_ST_40C,1.0,system shall allow modification display,F
ECSS_Q_ST_40C,1.0,system shall offer display event exercise,F
ECSS_Q_ST_40C,1.0,system shall filter data venue key event,F
ECSS_Q_ST_40C,1.0,system shall allow user define time segment,F
ECSS_Q_ST_40C,1.0,system shall display local exercise time separate clock,F
ECSS_Q_ST_40C,1.0,system shall offer ability pause resume refresh data,F
ECSS_Q_ST_40C,1.0,system shall provide chart activity event actual versus assume time,F
ECSS_Q_ST_40C,1.0,system shall provide history report change make activity event data,F
ECSS_E_ST_35CRev1,2.0,look feel system shall conform user interface standard smart device,LF
ECSS_E_ST_50C,2.0,user interface shall standard menu button navigation,LF
ECSS_E_ST_35CRev1,2.0,system shall professional appearance,LF
ECSS_E_ST_70_41C,2.0,product shall consistent color scheme font,LF
ECSS_E_ST_35CRev1,2.0,system shall use realtor train,US
ECSS_E_ST_35CRev1,2.0,system shall intuitive self explanatory,US
ECSS_E_ST_70_41C,2.0,product shall easy realtor learn,US
ECSS_E_ST_70_41C,2.0,product shall use symbol word naturally understandable realtor community,US
ECSS_E_ST_70_41C,2.0,product shall produce search result acceptable time,PE
ECSS_E_ST_70_41C,2.0,search result shall return later second user enter search criterion,PE
ECSS_E_ST_70_41C,2.0,product shall generate cma report acceptable time,PE
ECSS_E_ST_70_41C,2.0,cma report shall return later second user enter cma report criterion,PE
ECSS_E_ST_70_41C,2.0,product shall synchronize contact appointment acceptable time,PE
ECSS_E_ST_35CRev1,2.0,product shall synchronize office system every hour,PE
ECSS_E_ST_35CRev1,2.0,product shall available use hour per day day per year,A
ECSS_E_ST_35CRev1,2.0,access system system available time,A
ECSS-E-ST-10-06C,2.0,product shall operate offline mode whenever internet connection unavailable,FT
ECSS-E-ST-10-06C,2.0,product shall allow user view previously download search result cma report appointment,FT
ECSS_E_ST_20_01C,2.0,product shall retain user preference event failure,FT
ECSS_E_ST_70_32C,2.0,save user preference shall restore system come back online,FT
ECSS-E-ST-10-06C,2.0,product shall able support multiple remote user,SC
ECSS-E-ST-10-06C,2.0,product shall able support simultaneous user,SC
ECSS-E-ST-10-06C,2.0,product shall capable handle exist user number expect grow time within next year,SC
ECSS-E-ST-10-06C,2.0,product shall instal untrained realtor without recourse separatelyprinted instruction,US
ECSS-E-ST-10-06C,2.0,untrained realtor shall able install product device without printed instruction,US
ECSS_E_ST_70_32C,2.0,product expect run window ce palm operate system,PO
ECSS_E_ST_70_32C,2.0,registered realtor shall able access system,SE
ECSS_E_ST_70_32C,2.0,every user system shall authenticate authorized,SE
ECSS_E_ST_70_32C,2.0,product shall prevent data incorrect data introduce,SE
ECSS_E_ST_35CRev1,2.0,system shall allow real estate agent query ml information,F
ECSS-E-ST-10-06C,2.0,user shall able get driving direction select property,F
ECSS-E-ST-10-06C,2.0,user shall able download appointment contact information client,F
ECSS_E_ST_35CRev1,2.0,system shall display clear property image search result,F
ECSS_E_ST_35CRev1,2.0,system shall update create new property listing ml,F
ECSS_E_ST_70_41C,2.0,realtor shall able generate cma report base property criterion,F
ECSS_E_ST_35CRev1,2.0,system shall able call seller buyer schedule appointment,F
ECSS-E-ST-10-06C,2.0,realtor shall notify new client appointment automatic synchronization office system,F
ECSS-E-ST-10-06C,2.0,realtor shall able retrieve map show property location specify area,F
ECSS_E_ST_35CRev1,2.0,system shall notify realtor seller buyer respond appointment request,F
ECSS-E-ST-10-06C,2.0,product shall allow user save property search result,F
ECSS_E_ST_35CRev1,3.0,system shall easy use program administratorsnursing staff member,US
ECSS_E_ST_35CRev1,3.0,user shall able use system one day training,US
ECSS_E_ST_35CRev1,3.0,system shall help user avoid make mistake schedule class clinicals nurse student,US
ECSS-E-ST-10-06C,3.0,number mistake note student shall decrease first year,US
ECSS_Q_ST_40C,3.0,system shall intuitive program administratorsnursing staff member,US
ECSS-E-ST-10-06C,3.0,program administratorsnursing staff member shall successfully able use system manage schedule class clinicals,US
ECSS_Q_ST_40C,3.0,system shall use symbol word naturally understandable user community,US
ECSS_Q_ST_40C,3.0,verbiage use within system shall consistent standard english terminology national nursing community,US
ECSS-E-ST-10-06C,3.0,staff member shall able complete set task timely manner,PE
ECSS-E-ST-10-06C,3.0,response time general student management task shall take longer second response time schedule generation shall take longer second,PE
ECSS_Q_ST_40C,3.0,system shall available use hour pm,A
ECSS_Q_ST_40C,3.0,system shall achieve time,A
ECSS_Q_ST_40C,3.0,system shall able handle user requestsusage business hour,SC
ECSS_Q_ST_40C,3.0,system shall cater simultaneous user pm,SC
ECSS_Q_ST_40C,3.0,system shall capable process nursing student class next year,SC
ECSS_Q_ST_40C,3.0,system shall expect manage nurse program curriculum classclinical scheduling minimum year,SC
ECSS_Q_ST_40C,3.0,system shall able operate within business office environment typical nursing department depaul university,O
ECSS_Q_ST_40C,3.0,system shall use within specification define computer use program administratorsnursing staff member,O
ECSS_Q_ST_40C,3.0,system shall operate within window xp professional operating system,O
ECSS_Q_ST_40C,3.0,system shall interface campusconnects central server,O
ECSS_Q_ST_40C,3.0,system shall interface faculty central server,O
ECSS_Q_ST_40C,3.0,system shall interface student master server,O
ECSS_E_ST_50C,3.0,must able interface html browser,O
ECSS-E-ST-10-06C,3.0,authorize user shall access clinical site information,SE
ECSS-E-ST-10-06C,3.0,program administratorsnursing staff member people shall access clinical site detail,SE
ECSS-E-ST-10-06C,3.0,authorize user shall access student personal information,SE
ECSS-E-ST-10-06C,3.0,dr susan poslusny dr julie donalek people shall access student personal information,SE
ECSS_E_ST_50C,3.0,authorize user shall access portion system interface campusconnect,SE
ECSS_E_ST_50C,3.0,fit criterion dr susan poslusny karen sysol people shall access final class section schedule system interface campusconnect,SE
ECSS_E_ST_50C,3.0,system shall basic data integrity check reduce possibility incorrect invalid data introduce,SE
ECSS-E-ST-10-06C,3.0,system shall protect private information accordance organization information policy,SE
ECSS-E-ST-10-06C,3.0,system shall build secure possible malicious interference,SE
ECSS-E-ST-10-06C,3.0,system shall use organization standard virus protection software help monitor threat,SE
ECSS-E-ST-10-06C,3.0,cohort shall associate one program study offer department,F
ECSS-E-ST-10-06C,3.0,program administrator nurse staff member shall able add listing student cohort,F
ECSS-E-ST-10-06C,3.0,program administrator nurse staff member shall able add single student cohort,F
ECSS-E-ST-10-06C,3.0,student add cohort shall eligible cohort program study,F
ECSS-E-ST-10-06C,3.0,program administrator nurse staff member shall able specify preferred sequence class give cohort,F
ECSS-E-ST-10-06C,3.0,class within sequence cohort program administrator nurse staff member shall able specify quarter class offer,F
ECSS-E-ST-10-06C,3.0,program administrator nurse staff member shall able add new class sequence class,F
ECSS-E-ST-10-06C,3.0,program administrator nurse staff member shall able add clinical class section sequence class,F
ECSS_Q_ST_40C,3.0,program administrator nurse staff member shall able add new cohort system identified start month year,F
ECSS-E-ST-10-06C,3.0,program administrator nurse staff member shall able add new class nurse department system,F
ECSS-E-ST-10-06C,3.0,class shall either nonclinical class clinical class,F
ECSS-E-ST-10-06C,3.0,nonclinical class shall specify course name lecture room requirement instructor need,F
ECSS-E-ST-10-06C,3.0,clinical class shall specify course name lecture room requirement clinical site need lecture instructor need clinical lab instructor need,F
ECSS-E-ST-10-06C,3.0,program administratorsnursing staff member shall able create new program study,F
ECSS-E-ST-10-06C,3.0,program study shall consist program name listing require class clinical nonclinical must complete,F
ECSS-E-ST-10-06C,3.0,program administrator nurse staff member shall ability specify class require program study,F
ECSS_Q_ST_40C,3.0,system shall able display report need class give quarter cohort program program administratorsnursing staff member planning purpose,F
ECSS_E_ST_70_41C,3.0,report need class shall include limited class offer number section need number lab need room type need,F
ECSS-E-ST-10-06C,3.0,class give cohort shall conflict regard time day offer,F
ECSS-E-ST-10-06C,3.0,program administrator nurse staff member shall able add new clinical site system,F
ECSS-E-ST-10-06C,3.0,clinical site information shall include limited name site contact person contact information,F
ECSS-E-ST-10-06C,3.0,program administrator nurse staff member shall able add new clinical lab section exist clinical class system,F
ECSS-E-ST-10-06C,3.0,clinical lab section shall include clinical site name class instructor day time lab,F
ECSS-E-ST-10-06C,3.0,program administrator nurse staff member shall able add student registered clinical class clinical lab section class,F
ECSS_Q_ST_40C,3.0,system shall allow program administrator nursing staff member remove student clinical lab section,F
ECSS_Q_ST_40C,3.0,system shall allow program administratornursing staff member move student one clinical lab section another clinical lab section correspond clinical class,F
ECSS-E-ST-10-06C,3.0,program administratorsnursing staff member shall able cancel clinical lab section student register clinical lab section,F
ECSS-E-ST-10-06C,3.0,program administratornursing staff member shall able add new nurse student system,F
ECSS-E-ST-10-06C,3.0,staff member shall ability manage progress part time student include modify sequence class timeline class,F
ECSS_Q_ST_40C,3.0,system shall able display printable summary individual cohort include student enlisted program study sequence class cohort progress program timeline completion,F
ECSS_Q_ST_40C,3.0,system shall able display printable summary individual clinical site include information lab hold site give quarter clinical site general information lab hold location date time labs hold,F
ECSS_Q_ST_40C,3.0,system shall able display printable summary individual clinical lab include limited class name class number lab section listing student enrol instructor day time location,F
ECSS_Q_ST_40C,3.0,system shall able display printable summary individual nursing student include limited student name student id admission date class credit gpa cohort student enrol,F
ECSS_Q_ST_40C,3.0,system shall able display printable summary system log,F
ECSS_Q_ST_40C,3.0,system shall contain contact information email phone number people relevant system include limited staff member student lecture instructor clinical lab instructor clinical site administrator,F
ECSS_Q_ST_40C,3.0,system use store email address primary mean communicate information affect party,F
ECSS_Q_ST_40C,3.0,system notify affected party routine communication purpose include limited informing student upcoming offer class timeline schedule beshall,F
ECSS_Q_ST_40C,3.0,system notify affected party change occur affect clinicals include limited clinical section capacity change clinical section cancellation,F
ECSS_Q_ST_40C,3.0,system notify affected party change occur affect class include limited class cancellation class section detail change change class offering give quarter,F
ECSS_Q_ST_40C,3.0,system notify affected party change occur affect cohort include limited change sequence cohort program study change give week schedule lab cancel week due instructor illness,F
ECSS_Q_ST_40C,3.0,system notify affected party change occur affect specific student include limited changing student status full time part time move student different clinical section,F
ECSS-E-ST-10-06C,3.0,program administratorsnursing staff member shall ability modify information relate cohort include cohort identifier program study prefer sequence class quarter cohort take specific class,F
ECSS-E-ST-10-06C,3.0,program administratorsnursing staff member shall ability modify information relate program study within nurse department include program study name required class program study,F
ECSS-E-ST-10-06C,3.0,program administratorsnursing staff member shall ability modify information relate clinical site include clinical site name site contact person contact information address,F
ECSS-E-ST-10-06C,3.0,program administratorsnursing staff member shall ability modify information relate clinical lab section include clinical site name departmentsection lab class instructor day time lab contact information,F
ECSS-E-ST-10-06C,3.0,program administratorsnursing staff member shall ability modify information relate nursing student include student id student name phone number email status full time part time program study,F
ECSS_E_ST_50C,4.0,dispute application shall comply corporate standard user interface creation internally externally use application,LF
ECSS_E_ST_50C,4.0,screen create part dispute application must comply corporate standard interface creation,LF
ECSS-E-ST-10-06C,4.0,list dispute case display search perform must color coded easy identification dispute case base upon dispute case status,US
ECSS-E-ST-10-06C,4.0,cardmember merchant service representative shall use dispute application regularly day training course,US
ECSS-E-ST-10-06C,4.0,cardmember service representative shall able successfully create dispute case first encounter complete training course,US
ECSS-E-ST-10-06C,4.0,merchant service representative shall able successfully perform follow action dispute case first encounter complete training course,US
ECSS-E-ST-10-06C,4.0,maximum wait time user navigate one screen another within dispute application shall second,PE
ECSS-E-ST-10-06C,4.0,dispute application shall support concurrent user without degradation performance application,PE
ECSS-E-ST-10-06C,4.0,dispute application shall available xx exception follow schedule maintenance window monday saturday est sunday amd est,O
ECSS_E_ST_50C,4.0,dispute application shall interface statement database statement database provide transaction detail dispute system transaction detail must obtain statement database,O
ECSS_E_ST_50C,4.0,dispute application shall interface cardmember information database cardmember information database provide detailed information regard cardmember cardmember detail information must obtain cardmember information database,O
ECSS_E_ST_50C,4.0,dispute application shall interface merchant information database merchant information database provide detailed information regard merchant merchant detail information shall obtain merchant information database,O
ECSS_E_ST_50C,4.0,dispute application shall interface letter application allow dispute application request letter part dispute initiation dispute follow process letter request must send print letter utility application,O
ECSS_E_ST_50C,4.0,dispute application shall interface cardmember post bill system allow dispute application request adjustment cardmember merchant account adjustment request must send cardmember post billing system,O
ECSS_E_ST_50_51C,4.0,dispute application shall ensure user appropriate access level allow initiate dispute request,SE
ECSS_E_ST_50_51C,4.0,user update access must able initiate dispute request,SE
ECSS_E_ST_50_51C,4.0,dispute application shall ensure authorized user allow logon application,SE
ECSS-E-ST-10-06C,4.0,authorize user authenticate must able logon dispute system,SE
ECSS_E_ST_70_41C,4.0,dispute system shall generate user report detail new user add change exist user access level report review auditing purpose,SE
ECSS_E_ST_70_41C,4.0,addition new user modification user access shall record user report,SE
ECSS-E-ST-10-06C,4.0,user account revoke reinstantiated system administrator,SE
ECSS-E-ST-10-06C,4.0,system administrator shall able reset revoke user logon account,SE
ECSS-E-ST-10-06C,4.0,dispute application shall manipulate view business data user direct access data file database,SE
ECSS-E-ST-10-06C,4.0,update data file database must initiate dispute system,SE
ECSS-E-ST-10-06C,4.0,dispute application must conform legal requirement specify merchant operate regulation,L
ECSS-E-ST-10-06C,4.0,business rule specify dispute system shall compliance merchant operating regulation,L
ECSS-E-ST-10-06C,4.0,dispute application must conform legal requirement specify regulation e regulation z govern credit card dispute process,L
ECSS-E-ST-10-06C,4.0,business rule specify dispute system shall compliance guideline regulation e regulation z,L
ECSS-E-ST-10-06C,4.0,dispute application must maintain detailed history every action user take dispute case ensure complete audit trail question arise later regard particular dispute case,L
ECSS-E-ST-10-06C,4.0,action modify exist dispute case must record case history,L
ECSS-E-ST-10-06C,4.0,dispute system must accessible internal external user,F
ECSS-E-ST-10-06C,4.0,dispute system must prevent user access dispute case belong cardholder base,F
ECSS_E_ST_50C,4.0,dispute system facilitate direct data entry dispute case via user interface support real time responses user,F
ECSS_E_ST_50C,4.0,dispute system must provide different level access regard dispute case initiation followup action,F
ECSS_E_ST_50C,4.0,dispute system shall provide view access capability authorize user application,F
ECSS_E_ST_50C,4.0,dispute system shall provide update access capability authorize user application,F
ECSS_E_ST_50C,4.0,dispute system must allow user select disputable transaction base age transaction user interface initiate dispute ticket retrieval request chargeback notification select transaction,F
ECSS_E_ST_70_32C,4.0,dispute system must provide user ability initiate single dispute case multiple transaction belong single merchant,F
ECSS_E_ST_70_32C,4.0,dispute system provide user ability create initiate ticket retrieval request part ticket retrieval creation process system must prompt user enter require information create ticket retrieval request ticket retrieval request document send merchant inquire validity transaction,F
ECSS_E_ST_70_32C,4.0,dispute system must allow user create three unique type ticket retrieval request three type ticket retrieval request request original receipt request copy receipt request portfolio portfolio consist documentation would provide proof purchase documentation receive car rental agency sale receipt,F
ECSS_E_ST_70_32C,4.0,dispute system must prevent external user request original receipt request original receipt restrict internal user,F
ECSS_E_ST_70_32C,4.0,dispute system must provide confirmation user upon creation ticket retrieval request contain follow information dispute case number type retrieval request copy original portfolio date merchant response due,F
ECSS_E_ST_70_32C,4.0,dispute system shall allow user create initiate chargeback request system must prompt user enter require information initiate chargeback request chargeback request result print chargeback notification send merchant indicate account charge back proof provide disputed transaction valid,F
ECSS_E_ST_70_32C,4.0,dispute system must provide confirmation user upon creation chargeback request confirmation must contain follow information dispute case number type chargeback request pending immediate date merchant response due,F
ECSS_E_ST_70_32C,4.0,dispute system shall prevent creation duplicate dispute request time,F
ECSS_E_ST_70_32C,4.0,dispute system shall accurately provide list possible reason code give transaction list possible reason code must derive base type transaction industry merchant belong accord business rule define dispute system,F
ECSS_E_ST_70_32C,4.0,dispute system must provide ability view exist dispute case,F
ECSS_E_ST_70_32C,4.0,dispute system must provide search functionality search method must include ability search dispute case number merchant account number cardmember account number issuer number addition criterion search functionality must allow user limit result search date range type dispute ticket retrieval request chargeback notification case status open close dispute reason code,F
ECSS_Q_ST_70C,4.0,list dispute case meet enter search criterion must provide user list case must differentiate type andor status case color cod line item list example open case yellow closed case gray,F
ECSS_Q_ST_70C,4.0,dispute system shall provide user ability view history activity occur dispute case,F
ECSS_Q_ST_70C,4.0,dispute system shall provide user ability follow dispute case via followup action list available follow action give dispute case must filter status case access level user,F
ECSS_Q_ST_70C,4.0,dispute system shall record name user date activity create modifies dispute case system detailed history action take case include date user perform action must maintain auditing purpose,F
ECSS_Q_ST_70C,4.0,systematic nonuser initiate action occur case dispute age process case activity generate upon next logon user initiate dispute case must notify systematic action occur dispute case,F
ECSS_Q_ST_70C,4.0,letter request must format accord guideline specify print letter utility system,F
ECSS_Q_ST_70C,4.0,dispute case close month must purge online dispute database,F
ECSS_Q_ST_70C,5.0,product must support internet explorer,O
ECSS_Q_ST_70C,5.0,product must support mozilla firefox,O
ECSS_E_ST_50C,5.0,product shall interface choice part system provide feed recycle part data,O
ECSS_E_ST_50C,5.0,product shall run exist hardware environment,O
ECSS_E_ST_50C,5.0,product shall adhere corporate architecture guideline,O
ECSS_E_ST_50C,5.0,product shall comply corporate user interface guideline,LF
ECSS-E-ST-10-06C,5.0,product shall comply corporate color scheme,LF
ECSS-E-ST-10-06C,5.0,appearance product shall appear professional,LF
ECSS-E-ST-10-06C,5.0,product shall easy use adjuster collision estimator adjuster collision estimator shall find product easy use,US
ECSS-E-ST-10-06C,5.0,product shall increase productivity collision estimator collision estimator shall agree productivity increase within month use product,US
ECSS-E-ST-10-06C,5.0,user shall feel satisfied use product user satisfy product,US
ECSS-E-ST-10-06C,5.0,product shall easy learn adjuster collision estimator product shall learn two day onsite train,US
ECSS-E-ST-10-06C,5.0,user shall easily locate instruction use product user help find within system,US
ECSS-E-ST-10-06C,5.0,search recycle part shall take longer second search result shall return second,PE
ECSS-E-ST-10-06C,5.0,search prefer repair facility shall take longer second preferred repair facility return within second,PE
ECSS_E_ST_70_41C,5.0,recycle part audit report shall return user within second audit report shall return within second,PE
ECSS_E_ST_70_41C,5.0,preferred repair facility rating shall save within second save shall occur within second,PE
ECSS-E-ST-10-06C,5.0,product shall adhere corporate online availability schedule application bring within schedule outage per availability schedule,A
ECSS-E-ST-10-06C,5.0,product shall achieve uptime product shall fail available online time,A
ECSS-E-ST-10-06C,5.0,product shall able handle simultaneous user system shall perform user time,SC
ECSS_E_ST_35CRev1,5.0,average number recycle part record per day shall,SC
ECSS_E_ST_50C,5.0,product shall able handle concurrent user within year initial launch,SC
ECSS_E_ST_50C,5.0,estimator product shall able operated repair facility dirty noisy condition,O
ECSS_E_ST_50C,5.0,product shall interface choiceparts system per day approximately,O
ECSS-E-ST-10-06C,5.0,maintenance product fall within establish corporate maintenance window,O
ECSS-E-ST-10-06C,5.0,product shall support use corporate support center,O
ECSS-E-ST-10-06C,5.0,product installation upgrade shall handle middleware technology team within establish launch time frame,O
ECSS_E_ST_70_41C,5.0,adjuster request recycle part audit report user without adjuster role shall request recycled part audit,SE
ECSS-E-ST-10-06C,5.0,adjuster supervisor role update prefer repair facility rating user without supervisor role access repair facility rating,SE
ECSS-E-ST-10-06C,5.0,collision estimator shall search recycled part user without collision estimator role shall access search recycle part,SE
ECSS_E_ST_35CRev1,5.0,valid data shall enter system invalid data shall enter system,SE
ECSS_E_ST_35CRev1,5.0,one insurance company shall able view another insurance company claim data,SE
ECSS_E_ST_35CRev1,5.0,product shall free computer virus,SE
ECSS_E_ST_35CRev1,5.0,system shall prevent malicious attack include denial service,SE
ECSS-E-ST-10-06C,5.0,product must comply sarbanesoxley,L
ECSS-E-ST-10-06C,5.0,product shall comply estimatics law relate recycled part usage,L
ECSS-E-ST-10-06C,5.0,product shall comply insurance regulation regard claim process,L
ECSS-E-ST-10-06C,5.0,user shall search preferred repair facility use vehicle vehicle location radius mile,F
ECSS-E-ST-10-06C,5.0,vehicle data shall include vehicle year make model,F
ECSS-E-ST-10-06C,5.0,vehicle location shall include street address city state zipcode,F
ECSS_E_ST_35CRev1,5.0,system shall resolve zipcode street address city state zipcode unknown,F
ECSS_E_ST_35CRev1,5.0,search radius shall mile,F
ECSS_E_ST_35CRev1,5.0,system shall locate preferred repair facility highest rating input criterion,F
ECSS-E-ST-10-06C,5.0,adjuster shall enter preferred repair facility estimate assignment,F
ECSS-E-ST-10-06C,5.0,adjuster shall able override preferred repair facitlity estimate assignment,F
ECSS-E-ST-10-06C,5.0,preferred repair facility shall return user,F
ECSS_E_ST_35CRev1,5.0,system shall return list repair facility within radius preferred repair facility determine,F
ECSS-E-ST-10-06C,5.0,estimator shall search available recycled part use damage vehicle part information,F
ECSS-E-ST-10-06C,5.0,estimator shall search available recycled part use list preferred part supplier,F
ECSS_E_ST_35CRev1,5.0,system shall search available recycled part supply vehicle part supplier,F
ECSS-E-ST-10-06C,5.0,estimator shall search zipcode radius mile part find preferred part supplier,F
ECSS_E_ST_35CRev1,5.0,system shall retain available recycle part supplier return search,F
ECSS-E-ST-10-06C,5.0,available recycle part information supplier shall return user,F
ECSS-E-ST-10-06C,5.0,estimator shall apply select recycled part collision estimate,F
ECSS-E-ST-10-06C,5.0,estimator shall apply recycled part collision estimate available part return,F
ECSS-E-ST-10-06C,5.0,adjuster shall review collision estimate,F
ECSS_E_ST_50_51C,5.0,adjuster shall request recycled part audit collision estimate,F
ECSS_E_ST_50_51C,5.0,recycled part search result provide estimator shall retrieve system,F
ECSS_E_ST_70_41C,5.0,system shall generate audit report base available recycled part collision estimate,F
ECSS_E_ST_70_41C,5.0,audit report shall include total number recycle part use estimate,F
ECSS_E_ST_70_41C,5.0,audit report shall include number available recycled part original search result,F
ECSS_E_ST_70_41C,5.0,audit report shall include percentage available recycled part use estimate,F
ECSS_E_ST_70_41C,5.0,audit report shall include total score audit sum indivual line item,F
ECSS_E_ST_70_41C,5.0,audit report shall display user,F
ECSS_E_ST_70_41C,5.0,audit report shall available adjuster later point time,F
ECSS_E_ST_70_41C,5.0,user shall select view preferred repair facility rating,F
ECSS_E_ST_70_41C,5.0,current repair facility rating shall display user,F
5ECSS_E_ST_70_41C,,system display blank set rating rating yet define,F
ECSS_E_ST_70_41C,5.0,user shall enter new rating base audit report,F
ECSS-E-ST-10-06C,5.0,rating shall scale,F
ECSS-E-ST-10-06C,5.0,rating shall include category attempt use recycled part actual use recycle part,F
ECSS-E-ST-10-06C,5.0,user shall select save prefer repair facility rating,F
ECSS_E_ST_35CRev1,5.0,preferred repair facility rating shall save system,F
ECSS-E-ST-10-06C,6.0,product must work database management system dbms market whether dbms colocated product machine locate different machine computer network,O
ECSS-E-ST-10-06C,6.0,product function alongside server software operate system java runtime instal,O
ECSS-E-ST-10-06C,6.0,product require collaboration database management system dbms dbms may locate machine product separate machine reside computer network,O
ECSS-E-ST-10-06C,6.0,product must make use webapplication server technology open source example include apache web server tomcat jboss application server,O
ECSS-E-ST-10-06C,6.0,database management system oracle db mysql hsql need integrate product,O
ECSS-E-ST-10-06C,6.0,product look feel shall able incorporate aspect customer organization logo brand identity,LF
ECSS-E-ST-10-06C,6.0,product shall conservative professional appearance,LF
ECSS_E_ST_10_11C,6.0,product shall make user want use user survey report regularly use product first week postlaunch,US
ECSS_E_ST_10_11C,6.0,product shall easy use user able successfully reserve conference room within minute product use,US
ECSS_E_ST_10_11C,6.0,product shall give user feedback necessary user survey report product accurately confirms action,US
ECSS_E_ST_10_11C,6.0,product shall allow user select choose language one target market country,US
ECSS-E-ST-10-06C,6.0,product shall allow customization start page view preference,US
ECSS-E-ST-10-06C,6.0,employee able successfully use product within minute informally navigate product le minute user shall able successfully setup meeting reserve conference room,US
ECSS-E-ST-10-06C,6.0,product shall use standard navigation menu familiar web user,US
ECSS-E-ST-10-06C,6.0,product shall allow intuitive search available conference room,US
ECSS-E-ST-10-06C,6.0,product shall conform american disability act,US
ECSS-E-ST-10-06C,6.0,response shall fast enough avoid interrupt user flow thought task shall complete within second task shall complete within second,PE
ECSS-E-ST-10-06C,6.0,aside server failure software product shall achieve time,A
ECSS-E-ST-10-06C,6.0,product shall create exception log problem encounter within product transmission company analysis resolution,FT
ECSS_E_ST_50_51C,6.0,product shall capable handle concurrent request number increase release concurrency capacity must able handle peak schedule time early morning late afternoon hour,SC
ECSS_E_ST_50_51C,6.0,product shall able process transaction per hour within two year launch number increase release,SC
ECSS_E_ST_50_51C,6.0,product shall expect operate least year customer installation,SC
ECSS_E_ST_50_51C,6.0,product shall use office environment,O
ECSS_E_ST_31_04C,6.0,product must able interface html browser product shall transmit data user product without problem product shall display html properly html browser test minimum test browser,O
ECSS_E_ST_31_04C,6.0,product must able interface various database management system product shall communicate successfully database management system transaction,O
ECSS_E_ST_31_04C,6.0,product must able interface various email server product shall able send email,O
ECSS_E_ST_31_04C,6.0,product shall available distribution via internet binary zip file,O
ECSS-E-ST-10-06C,6.0,product shall available distribution package cd,O
ECSS-E-ST-10-06C,6.0,product available licensing oneserver twofive server fiveormore server license,O
ECSS-E-ST-10-06C,6.0,new user must able added system within minute new user able log system within minute,US
ECSS-E-ST-10-06C,6.0,product must design use design pattern cod best practice maintenance software developer able integrate new functionality product work day,MN
ECSS-E-ST-10-06C,6.0,product must highly configurable use various database management system end user end user able integrate new database management system product without change product software code,MN
ECSS-E-ST-10-06C,6.0,maintenance release offer customer year release shall take longer minute customer base install,MN
ECSS-E-ST-10-06C,6.0,every register user access product support site via internet register user shall find solution problem within minute use support site,US
ECSS-E-ST-10-06C,6.0,customer shall able easily integrate new building map product throughout product lifecycle integration new map product shall possible little support product support staff,MN
ECSS-E-ST-10-06C,6.0,product shall translate foreign language target market country languages future release emerge target market shall take day configure product market language,US
ECSS-E-ST-10-06C,6.0,product expect integrate multiple database management system product operate oracle sql server db mysql hsql ms access,O
ECSS-E-ST-10-06C,6.0,product shall able installed operating environment within day,O
ECSS-E-ST-10-06C,6.0,product shall ensure company employee external user companyapproved user id may product access logons shall either company employee external user companyapproved user id,SE
ECSS-E-ST-10-06C,6.0,manager able perform search query reservation user search query reservation user shall logons management logons,SE
ECSS-E-ST-10-06C,6.0,product shall ensure database data corresponds data enter user conference room reservation system contain information enter user,SE
ECSS-E-ST-10-06C,6.0,product shall prevent input malicious data product andor adjacent hardwaresoftware system data shall remain uncorrupted time malicious data input product,SE
ECSS-E-ST-10-06C,6.0,product andor dependent databasesfilesystems shall remain operational result input malicious data product andor dependent databasesfilesystems shall crash time malicious data input product,FT
ECSS-E-ST-10-06C,6.0,product shall ability receive automatic software update new threat emerge customer able receive automatic software update transmit installed product,SE
ECSS-E-ST-10-06C,6.0,language product shall accommodate target market country survey respondent target market country find language product acceptable,SC
ECSS-E-ST-10-06C,6.0,product shall able display calendar date time accord user locale survey respondent target market country find date time format product correct,US
ECSS-E-ST-10-06C,6.0,product must develop jsejee program language library,O
ECSS-E-ST-10-06C,6.0,product shall record meeting entry,F
ECSS-E-ST-10-06C,6.0,product notify employee meeting invitation,F
ECSS-E-ST-10-06C,6.0,product shall ability send meeting reminder employee,F
ECSS-E-ST-10-06C,6.0,product shall assign organizer contact information meeting create,F
ECSS-E-ST-10-06C,6.0,product record meeting acknowledgement,F
ECSS-E-ST-10-06C,6.0,product shall store new conference room,F
ECSS-E-ST-10-06C,6.0,product shall update exist conference room,F
ECSS-E-ST-10-06C,6.0,product able delete conference room,F
ECSS-E-ST-10-06C,6.0,product shall able store new room equipment,F
ECSS-E-ST-10-06C,6.0,product update existing room equipment,F
ECSS-E-ST-10-06C,6.0,product shall able delete room equipment,F
ECSS-E-ST-10-06C,6.0,product shall allow organizer invite employee meeting,F
ECSS-E-ST-10-06C,6.0,time conference room reserve conference room schedule shall update reflect time date reservation,F
ECSS-E-ST-10-06C,6.0,product shall record transportation status equipment reserve,F
ECSS-E-ST-10-06C,6.0,product shall display map company build show conference room location,F
ECSS-E-ST-10-06C,6.0,product shall record updated meeting agenda,F
ECSS-E-ST-10-06C,6.0,product shall send meeting confirmation meeting organizer,F
ECSS-E-ST-10-06C,6.0,product shall display room equipment accord search parameter,F
ECSS_E_ST_50_51C,6.0,product shall display conference room accord search parameter,F
ECSS_E_ST_50_51C,6.0,product shall record different meeting type,F
ECSS_E_ST_50_51C,6.0,product shall record equipment reserve,F
ECSS_E_ST_50_51C,6.0,product shall notify building personnel equipment transport request,F
ECSS_E_ST_10_11C,6.0,product allow priviledged user view meet schedule multiple report view,F
ECSS_E_ST_10_11C,6.0,product shall able send meeting notification via different kind enduser specify method,F
ECSS_E_ST_10_11C,6.0,product shall customizable look feel,F
ECSS_E_ST_31_04C,6.0,product shall intuitive user interface,F
ECSS-E-ST-10-06C,6.0,product display available status unreserved conference room,F
ECSS-E-ST-10-06C,7.0,recreation inventory quantity adjustment period previous day shall take min,PE
ECSS-E-ST-10-06C,7.0,system shall allow minimum user work time,PE
ECSS-E-ST-10-06C,7.0,system shall utilize currently own computer equipment,O
ECSS-E-ST-10-06C,7.0,system shall able automatically backup business data restore demand,O
ECSS-E-ST-10-06C,7.0,system shall maintain consistent security change user password andor permission take affect part system,SE
ECSS_E_ST_35CRev1,7.0,system shall granularly control access right major subsystem possible assign access right subsystems independently,SE
ECSS-E-ST-10-06C,7.0,system shall meet applicable accounting standard final version system must successfully pass independent audit perform certified auditor,L
ECSS-E-ST-10-06C,7.0,system shall require additional third party license result royalty fee,O
ECSS-E-ST-10-06C,7.0,system shall allow generation inventory quantity adjustment document demand,F
ECSS-E-ST-10-06C,7.0,system shall allow demand generation inventory quantity adjustment document since certain point time,F
ECSS_E_ST_35CRev1,7.0,iqa subsystem shall take account current inventory status adjust inventory substitutionary ingredient accordingly,F
ECSS-E-ST-10-06C,7.0,system shall allow enter store modify product formula,F
ECSS-E-ST-10-06C,7.0,product formula shall allow use semiproducts formulas,F
ECSS-E-ST-10-06C,7.0,product formula ingredient shall allow define substitutionary ingredient,F
ECSS_E_ST_35CRev1,7.0,product formula substitutionary ingredient shall enter automatically pfe subsystem,F
ECSS-E-ST-10-06C,7.0,formula substitutionary ingredient shall keep persisted order,F
ECSS_Q_ST_70_26C,7.0,product shall allow enter store modify product menu use po terminal,F
ECSS_E_ST_70_31C,7.0,pme subsystem shall allow building product menu base list product keep accounting system,F
ECSS_E_ST_70_31C,7.0,pme subsystem shall allow keep submenu within menu product within submenu manage persisted order,F
ECSS_E_ST_70_31C,7.0,pme subsystem shall allow product exist one submenu,F
ECSS_E_ST_70_31C,7.0,rms system shall windows xp look feel use gui future make use intuitive,F
ECSS-E-ST-10-06C,7.0,system shall generate inventory quantity adjustment document base product daily sale data product formula,F
ECSS-E-ST-10-06C,7.0,system shall generate inventory quantity adjustment document automatically daily product sale data available,F
ECSS-E-ST-10-06C,8.0,administrator shall able activate prepay card via administration section second,PE
ECSS-E-ST-10-06C,8.0,customer shall able check status prepay card enter pin number second,PE
ECSS-E-ST-10-06C,8.0,system shall let customer register website pay go user minute,PE
ECSS-E-ST-10-06C,8.0,system shall let customer register website unlimited movie subscriber user minute,PE
ECSS-E-ST-10-06C,8.0,system shall let exist customer log website email address password second,PE
ECSS-E-ST-10-06C,8.0,system shall let customer cancel account process shall take longer minute database mark account inactive user able log website,PE
ECSS-E-ST-10-06C,8.0,system shall let administrator deactivate customer account minute customer longer able access website,PE
ECSS-E-ST-10-06C,8.0,system shall let administrator addremove movie website minute enter movie information store database available website,PE
ECSS-E-ST-10-06C,8.0,system shall let administrator addremove category website minute,PE
ECSS-E-ST-10-06C,8.0,system shall let izogn manager access sale usage statistic minute,PE
ECSS-E-ST-10-06C,8.0,system shall let administrator generate unique prepaid pin minute generate excel file generate pin,PE
ECSS-E-ST-10-06C,8.0,website shall attractive audience website shall appear fun color bright vibrant,LF
ECSS-E-ST-10-06C,8.0,website african feel alienate nonafricans website use animation page describe service grab user attention encourage sign,LF
ECSS-E-ST-10-06C,8.0,website design modern clean concise,LF
ECSS-E-ST-10-06C,8.0,product able used novice user internet,US
ECSS-E-ST-10-06C,8.0,user navigate maximum page create account website,US
ECSS-E-ST-10-06C,8.0,user able access stream movie click log website,US
ECSS-E-ST-10-06C,8.0,anonymous survey show customer comfortable purchase stream movie week use website,US
ECSS-E-ST-10-06C,8.0,anonymous survey show customer comfortable use purchasing prepaid card month use system,US
ECSS-E-ST-10-06C,8.0,product shall retain customer buy preference information,US
ECSS-E-ST-10-06C,8.0,product shall easy customer novice skill internet purchase watch stream movie customer able purchase watch predetermine movie minute,US
ECSS-E-ST-10-06C,8.0,product shall use symbol word naturally understandable user familiar website,US
ECSS-E-ST-10-06C,8.0,website use standard internet convention interact user,US
ECSS_E_ST_31_04C,8.0,interface user automate system shall maximum response time second unless note exception,PE
ECSS_E_ST_31_04C,8.0,purchase stream movie prepay card via credit card processing time maximum response time second,PE
ECSS_E_ST_31_04C,8.0,stream movie buffering time take longer second plus latency user connection,PE
ECSS_E_ST_31_04C,8.0,stream movie buffer occur latency user connection,PE
ECSS_E_ST_31_04C,8.0,credit card information secure server accessible authorize izogn administrator information encrypt database,SE
ECSS_E_ST_31_04C,8.0,website shall available use hour per day day per year,A
ECSS_E_ST_31_04C,8.0,website shall achieve time,A
ECSS-E-ST-10-06C,8.0,movie shall stream demand time day,A
ECSS-E-ST-10-06C,8.0,website shall continue operate stream server goes,FT
ECSS-E-ST-10-06C,8.0,website shall continue operate payment gateway goes,FT
ECSS-E-ST-10-06C,8.0,stream server support simultaneous streaming connection,SC
ECSS-E-ST-10-06C,8.0,stream server support maximum movie new server add support movie,SC
ECSS-E-ST-10-06C,8.0,server support maximum simultaneous user,SC
ECSS-E-ST-10-06C,8.0,website shall capable support customer,SC
ECSS-E-ST-10-06C,8.0,product shall expect operate within maximum maintenance budget minimum year,MN
ECSS-E-ST-10-06C,8.0,aspect website shall access web browser internet,O
ECSS-E-ST-10-06C,8.0,hardware support current website use support new system,O
ECSS_E_ST_31_04C,8.0,must able interface follow browser ie x netscape x x x firefox,O
ECSS_E_ST_31_04C,8.0,website must interface cybersource api process credit card transaction,O
ECSS-E-ST-10-06C,8.0,website must fully operational msn tv,O
ECSS-E-ST-10-06C,8.0,movie shall encode streamed via window medium player,O
ECSS-E-ST-10-06C,8.0,movie shall encode k k stream,O
ECSS-E-ST-10-06C,8.0,promotional update website take day update,MN
ECSS-E-ST-10-06C,8.0,izogn administrator must able update category listing website within minute,PE
ECSS-E-ST-10-06C,8.0,izogn administrator must able add new product website within minute,PE
ECSS-E-ST-10-06C,8.0,system provide hour toll free number support customer,A
ECSS-E-ST-10-06C,8.0,website provide help section answer solution common problem,US
ECSS-E-ST-10-06C,8.0,velkat staff available phone support ampm mf provide technical support izogn administrator,A
ECSS-E-ST-10-06C,8.0,product shall able instal specified environment within work day,O
ECSS-E-ST-10-06C,8.0,registered customer purchase stream movie,SE
ECSS-E-ST-10-06C,8.0,customer stream movie purchase within day view period,SE
ECSS-E-ST-10-06C,8.0,authorized personnel access customer record database,SE
ECSS-E-ST-10-06C,8.0,administrator activate prepay card,SE
ECSS-E-ST-10-06C,8.0,authorized personnel access sale information,SE
ECSS-E-ST-10-06C,8.0,website shall prevent data corrupt incorrect data enter,SE
ECSS-E-ST-10-06C,8.0,website shall protect intentional abuse notify administrator occurrence,SE
ECSS-E-ST-10-06C,8.0,data integrity script run weekly basis verify integrity database,SE
ECSS-E-ST-10-06C,8.0,website shall make user aware information practice collection data via privacy policy accessible page website,SE
ECSS-E-ST-10-06C,8.0,system shall notify customer change information policy,SE
ECSS-E-ST-10-06C,8.0,system shall reveal private information compliance organization information policy,SE
ECSS-E-ST-10-06C,8.0,customer information store secure database accessible authorized personnel,SE
ECSS-E-ST-10-06C,8.0,credit card information encrypt database,SE
ECSS-E-ST-10-06C,8.0,stream server antivirus software prevent infection malicious virus,SE
ECSS-E-ST-10-06C,8.0,website cater tribe nigeria,LF
ECSS-E-ST-10-06C,8.0,website shall offensive religious ethnic group,LF
ECSS-E-ST-10-06C,8.0,website appeal african nigerian,LF
ECSS-E-ST-10-06C,8.0,website use flash provide animation home page,O
ECSS-E-ST-10-06C,8.0,izognmovies shall meet licensing requirement set forth appropriate organization order stream african movie,L
ECSS-E-ST-10-06C,8.0,website comply wc standard,L
ECSS-E-ST-10-06C,8.0,php code comply pear standard,L
ECSS-E-ST-10-06C,8.0,website allow customer search movie title actor director,F
ECSS-E-ST-10-06C,8.0,view movie detail website display movie description actor director enter administrator,F
ECSS_E_ST_50_51C,8.0,website shall request authorize credit card payment allow user stream movie,F
ECSS_E_ST_50_51C,8.0,shall able stream purchase movie via window medium player day aftere purchase date,F
ECSS_E_ST_50_51C,8.0,website shall allow customer browse movie category enter izogn administrator,F
ECSS_E_ST_50_51C,8.0,website shall allow customer view review select movie customer,F
ECSS-E-ST-10-06C,8.0,website shall allow customer add movie review select movie,F
ECSS-E-ST-10-06C,8.0,website shall allow izogn administrator approve review post customer,F
ECSS-E-ST-10-06C,8.0,system allow customer pay stream movie prepay card,F
ECSS-E-ST-10-06C,8.0,website shall allow customer purchase prepay card value either credit card mailin payment option,F
ECSS-E-ST-10-06C,8.0,system shall automatically update main page website every friday show latest movie add website,F
ECSS-E-ST-10-06C,8.0,system shall allow user update billing contact information via account section website,F
ECSS-E-ST-10-06C,8.0,prepaid card shall distribute via email via printed paper card,F
ECSS-E-ST-10-06C,8.0,movie stream customer purchase movie within day time period stream movie,F
ECSS-E-ST-10-06C,8.0,website must able support free trial period various parameter set izogn manager,F
ECSS-E-ST-10-06C,8.0,stream movie sale log database accessible administrator,F
ECSS-E-ST-10-06C,8.0,register customer information shall store maintain database even customer cancel account,F
ECSS-E-ST-10-06C,8.0,daily usage statistic log accessible administrator,F
ECSS-E-ST-10-06C,8.0,owner shall free access stream movie,F
ECSS-E-ST-10-06C,9.0,total lead cycle time must complete minute lead volume business hour cst pm cst minute lead volume business hour,PE
ECSS_Q_ST_70C,9.0,lead evaluation complete time period longer second lead process,PE
ECSS_E_ST_40_07C,9.0,lead process longer second system record event duration,PE
ECSS_Q_ST_70C,9.0,process must fit within process time condition set forth auto rep assignment process lead assign within minute total life cycle,PE
ECSS_Q_ST_70C,9.0,lead wash process operate within establish physical web service structure,O
ECSS_Q_ST_70C,9.0,wash process must use non bind neutral data format xml receive process lead data,O
ECSS_Q_ST_70C,9.0,defect report available technical unit x basis,A
ECSS_Q_ST_70C,9.0,wash parameter update scheduled maintenance hour,MN
ECSS_Q_ST_70C,9.0,vendor verify invalid lead,F
ECSS_Q_ST_40C,9.0,vendor submit credit validation record apply enterprise billing system,F
ECSS_Q_ST_40C,9.0,lead score high range system supply lead data score enterprise system,F
ECSS_Q_ST_40C,9.0,lead wash functionality validate lead receive web service valid data,F
ECSS_Q_ST_40C,9.0,lead wash functionality insert lead capture web service,F
ECSS_Q_ST_40C,9.0,lead score fall within high average score process ara functionality,F
ECSS_Q_ST_40C,9.0,lead score fall within medium average set manual verification enrollment coordinator eleads system,F
ECSS_Q_ST_40C,9.0,lead score fall within low average return supply vendor,F
ECSS_Q_ST_40C,9.0,lead wash functionality compile contact academic score information total score,F
ECSS_Q_ST_40C,9.0,lead wash functionality use parameter supply corporate school score part lead,F
ECSS_E_ST_31_04C,9.0,lead wash functionality return lead data supply vendor along reason rejection,F
ECSS_E_ST_31_04C,9.0,lead wash functionality interface lead data parameter maintain,F
ECSS_E_ST_31_04C,9.0,lead wash functionality verify user authentication right make parameter update,F
ECSS-E-ST-10-06C,9.0,lead wash functionality store potential lead duplicate return enterprise system,F
ECSS-E-ST-10-06C,9.0,prior submit lead enterprise system lead wash functionality assign lead admission rep,F
ECSS-E-ST-10-06C,9.0,lead wash functionality shall receive period list available rep enterprise system,F
ECSS-E-ST-10-06C,10.0,product shall simulate look ship sea,LF
ECSS-E-ST-10-06C,10.0,product shall display grid within circle view periscope,LF
ECSS-E-ST-10-06C,10.0,product shall display type ship grid use image specific type ship,LF
ECSS-E-ST-10-06C,10.0,offensive player take shot product shall simulate sound ship sea,LF
ECSS-E-ST-10-06C,10.0,shot mark miss product shall simulate sound shot miss target,LF
ECSS-E-ST-10-06C,10.0,shot mark hit product shall simulate sound shot hitting target,LF
ECSS-E-ST-10-06C,10.0,ship sunk product shall simulate sound sink ship,LF
ECSS-E-ST-10-06C,10.0,product shall available hour per day seven day per week,A
ECSS-E-ST-10-06C,10.0,product shall able handle large number game simultaneously,PE
ECSS-E-ST-10-06C,10.0,response time shall fast enough maintain flow game response time shall second response remain response,PE
ECSS-E-ST-10-06C,10.0,product shall protect identity player product shall provide player access information might reveal identity another player,PE
ECSS-E-ST-10-06C,10.0,product shall intuitive selfexplanatory nine ten user shall able successfully complete game training,US
ECSS-E-ST-10-06C,10.0,product shall available player understand english spanish french product shall allow user select language upon access product,US
ECSS-E-ST-10-06C,10.0,product shall provide player access information might reveal identity another player,SE
ECSS-E-ST-10-06C,10.0,response time shall fast enough maintain flow game response time shall second response remain response,PE
ECSS-E-ST-10-06C,10.0,product shall maintain list player,F
ECSS-E-ST-10-06C,10.0,product shall allow user identify player,F
ECSS-E-ST-10-06C,10.0,game initiated product shall make player assign game unavailable selection list player,F
ECSS-E-ST-10-06C,10.0,product shall allow user remove list player time,F
ECSS-E-ST-10-06C,10.0,product shall make inactive player unavailable selection list player,F
ECSS-E-ST-10-06C,10.0,product shall remove player inactive hour list player,F
ECSS-E-ST-10-06C,10.0,product shall allow player initiate game select another available player list player,F
ECSS-E-ST-10-06C,10.0,game initiated product shall display defensive grid player,F
ECSS-E-ST-10-06C,10.0,game initiated product shall display offensive grid player,F
ECSS-E-ST-10-06C,10.0,product shall prevent player view offensive defensive grid player,F
ECSS-E-ST-10-06C,10.0,game initiated product shall allow player position ship respective defensive grid,F
ECSS-E-ST-10-06C,10.0,product shall allow player position ship horizontally grid,F
ECSS-E-ST-10-06C,10.0,product shall allow player position ship vertically grid,F
ECSS-E-ST-10-06C,10.0,product shall allow player position ship diagonally grid,F
ECSS-E-ST-10-06C,10.0,product shall prevent player overlap ship grid,F
ECSS-E-ST-10-06C,10.0,player position ship defensive grid product shall define status player first turn,F
ECSS-E-ST-10-06C,10.0,turn product shall identify one player offensive status one player defensive status,F
ECSS-E-ST-10-06C,10.0,product shall maintain status player turn either offensive defensive,F
ECSS-E-ST-10-06C,10.0,start turn product shall notify player status,F
ECSS-E-ST-10-06C,10.0,turn product shall allow offensive player define shot,F
ECSS-E-ST-10-06C,10.0,shot product shall examine defensive grid defensive player determine whether shot hit miss,F
ECSS-E-ST-10-06C,10.0,shot product shall notify player whether shot hit miss,F
ECSS-E-ST-10-06C,10.0,shot product shall mark shot hit miss defensive grid defensive player,F
ECSS-E-ST-10-06C,10.0,shot product shall mark shot hit miss offensive grid offensive player,F
ECSS-E-ST-10-06C,10.0,hit result sink ship product shall notify player ship sunk,F
ECSS-E-ST-10-06C,10.0,hit result sink ship product shall mark ship sunk defensive grid defensive player,F
ECSS-E-ST-10-06C,10.0,hit result sink ship product shall indicate type ship sunk defensive grid defensive player,F
ECSS-E-ST-10-06C,10.0,hit result sink ship product shall mark ship sunk offensive grid offensive player,F
ECSS-E-ST-10-06C,10.0,shot mark hit product shall allow offensive player define shot,F
ECSS-E-ST-10-06C,10.0,shot mark miss product shall change status offensive player defensive,F
ECSS-E-ST-10-06C,10.0,shot mark miss product shall change status defensive player offensive,F
ECSS-E-ST-10-06C,10.0,product shall continue assign turn game end,F
ECSS-E-ST-10-06C,10.0,product shall end game hit offensive player result sink last defensive player ship previously mark sunk,F
ECSS-E-ST-10-06C,10.0,product shall allow player end game time game,F
ECSS-E-ST-10-06C,10.0,game end product shall notify player game end,F
ECSS-E-ST-10-06C,10.0,notification game end include reason game end ie player game player end game,F
ECSS-E-ST-10-06C,10.0,game end product shall allow player identify available player list player,F
ECSS-E-ST-10-06C,10.0,game end product shall allow player remove list player,F
ECSS-E-ST-10-06C,11.0,system shall easy use caller supervisor caller supervisor must able accomplish system task within minute,US
ECSS-E-ST-10-06C,11.0,system shall easy learn caller supervisor caller supervisor shall learn use system within minute,US
ECSS-E-ST-10-06C,11.0,system shall responsive depaul teleservices center supervisor use system view caller schedule system response time must second time second rest time,PE
ECSS-E-ST-10-06C,11.0,k connection system response time operation must second time,PE
ECSS-E-ST-10-06C,11.0,k connection faster system response time operation must second time,PE
ECSS-E-ST-10-06C,11.0,system shall high availability every day yearthe system must available use pm day year,A
ECSS-E-ST-10-06C,11.0,system must available use pm day year,A
ECSS-E-ST-10-06C,11.0,product shall internet browser independentthe product must run use internet explorer netscape navigator,MN
ECSS-E-ST-10-06C,11.0,product shall ensure supervisor advertise empty time slotsthe product must ensure supervisor allow access advertise empty time slot,SE
ECSS-E-ST-10-06C,11.0,product shall ensure supervisor enter caller schedulethe product must ensure supervisor allow access advertise empty time slot,SE
ECSS-E-ST-10-06C,11.0,product shall ensure supervisor view schedule callersthe product must ensure supervisor allow access advertise empty time slot,SE
ECSS_E_ST_31_04C,11.0,interface shall simple look interface usability survey beta tester must report interface adequately simple,LF
ECSS_E_ST_31_04C,11.0,interface shall appeal caller supervisor interface usability survey beta tester must report interface appeal,LF
ECSS_E_ST_31_04C,12.0,product shall provide gui base monitoring servicessystem administrator shall monitor message exchange predict determine problem also provide internal external support,LF
ECSS_E_ST_31_04C,12.0,product shall comply city chicago application development guide frameworkapplication development framework provide structure graphical user interface,LF
ECSS_E_ST_31_04C,12.0,product shall provide monitor servicesthe product shall easy system administrator dbas use two week usage,US
ECSS_E_ST_10_11C,12.0,product shall provide error track servicesthe product shall help system administrator dbas resolve transaction error time,US
ECSS_E_ST_10_11C,12.0,product shall provide portalsthe product shall help system administrator analyze transaction adhoc report kpis key performance indicator,US
ECSS_Q_ST_40C,12.0,product shall provide asynchronous messagingthe product shall provide asynchronous message enable parallel processing reduce overhead communication,PE
ECSS_Q_ST_40C,12.0,product shall provide multithreading load balancingthe product shall provide multithreading technology well load balance overcome data load spike traffic,PE
ECSS_Q_ST_40C,12.0,product shall process message within secondsthe product shall maximum message processing time second,PE
ECSS-E-ST-10-06C,12.0,product shall poll system message every secondthe product shall poll system new message maximum every second,PE
ECSS-E-ST-10-06C,12.0,product shall provide dynamic change support transparent resource additionthe product shall support transparent resource addition dynamic change support provide scalability avoid service interruption day,PE
ECSS-E-ST-10-06C,12.0,product shall available time rationale avoid service interruption busiest customer service response period product shall available time regular business day,A
ECSS-E-ST-10-06C,12.0,product shall robustthe product shall fault avoidance base standard adoption,FT
ECSS-E-ST-10-06C,12.0,product shall robust fault tolerancethe product shall fault tolerance use recovery technique compensatory transaction rout around failure,FT
ECSS_Q_ST_40C,12.0,product shall able process transactionsthe product shall process minimum million transaction per year,SC
ECSS_Q_ST_40C,12.0,product shall platform independentthe product shall enable access type development environment platform,O
ECSS_E_ST_40_07C,12.0,product shall interface csr datastreamthe product shall exchange message csr eam real time basis without direct interface two system,O
ECSS_E_ST_40_07C,12.0,product shall continue operate upgrade change new resource additionthe product shall able continue operate interruption service due new resource addition,MN
ECSS_E_ST_40_07C,12.0,product shall updated regular basisthe product new major feature introduce every six month quarterly maintenance release every six month,MN
ECSS_E_ST_40_07C,12.0,product shall operate every platformthe product shall accommodate new technology without change architecture,MN
ECSS_E_ST_40_07C,12.0,product shall securitythe product shall provide authentication authorization,SE
ECSS_E_ST_40_07C,12.0,product shall information security product shall enable privacy encryption wssecurity integrity check,SE
ECSS_E_ST_40_07C,12.0,product shall audit capabilitiesthe product shall store message minimum one year audit transaction tracking purpose,SE
ECSS_E_ST_40_07C,13.0,system shall use ibm ccr branding standard interface must one ibm logo one ccr logo,LF
ECSS_E_ST_40_07C,13.0,system shall displayable work computer ccr user may system interface shall format display pixel resolution,LF
ECSS_E_ST_40_07C,13.0,system interface use ccr nomenclature system must use nomenclature use exist wcs system report,LF
ECSS_E_ST_40_07C,13.0,interface must summarize data fashion thats appeal ccr management every report type must least one high level summary show result dashboardinterface,LF
ECSS_E_ST_40_07C,13.0,system must use point click interface selection navigation functionality must able activatedselected either mouse keyboard,US
ECSS_E_ST_40_07C,13.0,interface shall easy use user able successfully use system generate report first use interface adhere ibm usability standard,US
ECSS_E_ST_40_07C,13.0,report must easy generate report must generate within one button click export within one button click select report,US
ECSS_E_ST_40_07C,13.0,user shall able use system without instruction short amount time one use user understand remember system usage navigation,US
ECSS_E_ST_40_07C,13.0,ccr user shall receive training wcs system deploy one training session hold ccr user system deployment base ccr user available,US
ECSS_E_ST_40_07C,13.0,wcs system shall use appropriate nomenclature terminology define corporate community grant organization interface report undergo usability test ccr user,US
ECSS_E_ST_40_07C,13.0,wcs system shall available time long ibms internal intranet w accessible wcs system available time ibms internal intranet w available,A
ECSS_E_ST_40_07C,13.0,wcs system shall ability connect designate wcs database currently include system,SC
ECSS_E_ST_40_07C,13.0,wcs system shall ability include data region outside united state access user outside united state approve ccr management,SC
ECSS_E_ST_40_07C,13.0,wcs system shall run window environment wcs shall access user internet ibm computer run window operate system,O
ECSS_E_ST_40_07C,13.0,brio portion wcs system must able export file spreadsheet form microsoft excel lotus format brio provide button user interface produceexport report xls file format,O
ECSS_E_ST_10_11C,13.0,wcs system must run query wcs database specify day update available data available ccr user query must make external database data refresh week,MN
ECSS_E_ST_10_11C,13.0,change update addition wcs system shall update wcs developer wcs user guide every change must reflect wcs system documentation,MN
ECSS_E_ST_10_11C,13.0,system shall access authorized corporate community grant ccr employee user must authenticate use ibm intranet user name password,SE
ECSS_E_ST_10_11C,13.0,wcs system shall allow automatic logins user cooky contain wcs login information user store user computer,SE
ECSS_E_ST_10_11C,14.0,team owner need use username password order authenticate reach team owner page,SE
ECSS_E_ST_10_11C,14.0,commissioner authorize user per league adjust league setting,SE
ECSS_E_ST_10_11C,14.0,page shall contain navigation menu show index current page contain,LF
ECSS_E_ST_10_11C,14.0,page shall contain similar format action item one location navigation button different location,LF
ECSS_E_ST_10_11C,14.0,message board shall contain recently post message league page message contain first character message,LF
ECSS_E_ST_10_11C,14.0,new user shall able navigate league team page within second reach startup page,US
ECSS_E_ST_50_51C,14.0,user shall able reach add drop trade player page one click team owner page,US
ECSS_E_ST_50_51C,14.0,user shall able view least nfl player statistic point page,US
ECSS_E_ST_50_51C,14.0,application shall ask user confirm drop player trading player perform action,US
ECSS_E_ST_50_51C,14.0,application shall able complete every user transaction within one fourth second receiving request network,PE
ECSS-E-ST-10-06C,14.0,application shall downtime minute per year,A
ECSS-E-ST-10-06C,14.0,application shall run web application server,O
ECSS-E-ST-10-06C,14.0,primary database use store cache data active user,O
ECSS-E-ST-10-06C,14.0,secondary database use store historical statistic data,O
ECSS-E-ST-10-06C,14.0,application update shall occur cst wednesday morning middle nfl season,MN
ECSS-E-ST-10-06C,14.0,new system version release shall release begin nfl season,MN
ECSS-E-ST-10-06C,15.0,rf system available especially budgeting period rf system shall available time year budget period time system become available within hour time situation report,A
ECSS_E_ST_10_11C,15.0,user workstation shall meet minimum hardware requirement prior implementation minimum hard disk space mb,O
ECSS_E_ST_10_11C,15.0,user workstation shall meet minimum software requirement prior implementation microsoft internet explorer microsoft net framework microsoft internet explorer web control,O
ECSS_E_ST_40_07C,15.0,rf system able easily interface bdw environment order load data data file shall receive bdw load rf system within hour one day prior start budget process every year data october monthend test file shall load time throughout year bdw,O
ECSS_Q_ST_40C,15.0,change revenue expense formula must apply rf system every year prior budget process start revenue expense formula update within one week receipt week allot test budget calculation conduct jointly project development team pcg finance,MN
ECSS_Q_ST_40C,15.0,new branchescomplexesdistrictsregions revenueexpense account add bdw must reflect rf system entity mention available october monthend load rf system prior budget start process,MN
ECSS_E_ST_10_11C,15.0,authorize user shall access rf system user exist uas system rf system assign role shall access rf system use,SE
ECSS_E_ST_10_11C,15.0,user access limit permission grant role level pcg hierarchy assign role user assign role access functionality within rf system dependent privilegespermission assign role,SE
ECSS_E_ST_10_11C,15.0,product must comply intranet page standard requirement enet security product look feel approved architecture group prior implementation remain correct approve within one month product release,LF
ECSS_E_ST_10_11C,15.0,intranet page display appropriately resolution x higher display page correct resolution prior implementation remain correct within week notification incorrect display,LF
ECSS_E_ST_10_11C,15.0,user able easily use system successfully complete budget within stipulated time completion week training prior product implementation user shall complete budget within stipulated time,US
ECSS_E_ST_40_07C,15.0,product interface fast response time product interface exceed second time time response time secondsnot second,PE
ECSS-E-ST-10-06C,16.0,system shall operate unix window operate system,PO
ECSS-E-ST-10-06C,16.0,system shall evoke type pine command shell prompt,O
ECSS-E-ST-10-06C,16.0,system shall use smtp mail protocol,O
ECSS-E-ST-10-06C,16.0,system shall support ability perform send receive operation,F
ECSS-E-ST-10-06C,16.0,system shall support ability perform send operation,F
ECSS-E-ST-10-06C,16.0,system shall support ability perform receive operation,F
ECSS-E-ST-10-06C,16.0,system shall use textbased interface display list available mail,LF
ECSS-E-ST-10-06C,16.0,system shall help system offer tip explanation screen item screen upon demand,US
ECSS-E-ST-10-06C,16.0,system shall display embed message datetimestamp message send,F
ECSS_E_ST_10_11C,16.0,system shall allow text search user may use find mail message,F
ECSS-E-ST-10-06C,16.0,system search feature support use regular expression search,F
ECSS-E-ST-10-06C,17.0,system shall provide option withdraw money,F
ECSS_E_ST_10_11C,17.0,system shall query user amount money,F
ECSS_E_ST_10_11C,17.0,system shall query user account type,F
ECSS_E_ST_10_11C,17.0,system shall validate amount available user account release fund user,F
ECSS_E_ST_10_11C,17.0,system shall validate amount multiple,F
ECSS_E_ST_10_11C,17.0,system shall debit user account upon withdrawal fund,F
ECSS_E_ST_10_11C,17.0,system shall able issue specific amount money user,F
ECSS_M_ST_70C,18.0,meet scheduler system shall able select participant important participant,F
ECSS_M_ST_70C,18.0,meet scheduler system shall cancel meeting due canceling important participant,F
ECSS_M_ST_70C,18.0,meet scheduler system shall reschedule meet support conflict resolution,F
ECSS_M_ST_70C,18.0,meet scheduler shall access web,O
ECSS_M_ST_70C,18.0,meet scheduler system may optionally automatically propose another meeting current meeting cancel important participant,F
ECSS_M_ST_70C,18.0,meet scheduler system may provide meet initiator summary scan potential meeting participant show available time slot schedule conflict mean inform meet initiator overall result system,F
ECSS_M_ST_70C,18.0,meet scheduler system may able include agenda meeting proposal,F
ECSS_M_ST_70C,18.0,meet scheduler system may suggest virtual meeting available time slot location available feasible meeting,F
ECSS_M_ST_70C,18.0,meet scheduler system may able include list required equipment meeting proposal,F
ECSS_M_ST_70C,18.0,meet scheduler system temporarily reserve time slot propose meeting,F
ECSS_M_ST_70C,18.0,meet scheduler system inform potential meeting participant meeting,F
ECSS_M_ST_70C,19.0,system must easy use manager chefs need read extensive amount manual,US
ECSS_M_ST_70C,19.0,system must quickly accessible manager chefs,US
ECSS_M_ST_70C,19.0,system must intuitive simple way display relevant data relationship,US
ECSS_M_ST_70C,19.0,menu system must easily navigable user button easy understand,US
ECSS_M_ST_70C,19.0,function system must available user every time system turn,A
ECSS_M_ST_70C,19.0,calculation perform system must comply accord norm set user vary unless explicitly change user,L
ECSS_M_ST_70C,19.0,client agree eula use software,L
ECSS_M_ST_70C,20.0,web page generate system shall fully downloadable second kbps modem connection,PE
ECSS_M_ST_70C,20.0,response query shall take longer second load onto screen user submits query,PE
ECSS_M_ST_70C,20.0,system shall display confirmation message user within second user submits information system,PE
ECSS_M_ST_70C,20.0,network transaction involve financial information personally identifiable information shall encrypt,SE
ECSS_M_ST_70C,20.0,user shall require log cafeteria order system operation except view menu,F
ECSS_M_ST_70C,20.0,patron shall log accord restrict computer system access policy,SE
ECSS_M_ST_70C,20.0,system shall permit cafeteria staff member list authorized menu manager create edit menu,F
ECSS_M_ST_70C,20.0,user authorize home access corporate intranet may use co noncompany location,SE
ECSS_M_ST_70C,21.0,programmer application developer access source code address bug system enhancement deem necessary network administrator dba support also require maintain x system uptime,A
ECSS_M_ST_70C,21.0,system security access level provide online system vary level system access functional authority student access limit hisher registration record authorize system administrator access student registration record,SE
ECSS_M_ST_70C,21.0,online registration system selfservice style system shall initially address student registration need,F
ECSS_E_ST_10_11C,22.0,data entry form application match microsoft excel hardcopy counterpart closely possible hardcopies form provide design team second requirement interview,O
ECSS_E_ST_10_11C,23.0,user need read user manual able use application,US
ECSS-E-ST-10-06C,23.0,change make manage id website adopt without alter io application,MN
ECSS-E-ST-10-06C,24.0,application connect internet,A
ECSS-E-ST-10-06C,24.0,application connect gps device,A
ECSS-E-ST-10-06C,24.0,application easy extend code write way favor implementation new function,MN
ECSS-E-ST-10-06C,24.0,test environment build application allow test application different function,MN
ECSS_M_ST_70C,24.0,application portable io android,PO
ECSS_M_ST_70C,25.0,system shall show tabbed display equivalent functionality campus map one tab info recently announce building,LF
ECSS_M_ST_70C,25.0,system shall allow user scroll campus map campus map tab,US
ECSS_M_ST_70C,25.0,campus map shall provide visual clue regard area prepared audio therefore may select,LF
ECSS_M_ST_70C,25.0,campus map shall pauseresume button pause resume button allow user scroll select building without interrupted automatic search announce feature,LF
ECSS_M_ST_70C,25.0,system shall provide way return startup screen,US
ECSS_E_ST_70_41C,26.0,generate report register complaint admin response report user submit query,F
ECSS_E_ST_70_41C,26.0,system maintain correct schedule lab documentation lab equipment,F
ECSS_E_ST_70_41C,27.0,system use company color logos,LF
ECSS_E_ST_40_07C,27.0,system shall capable restore previous state event failure eg system crash power loss,FT
ECSS_E_ST_35CRev1,27.0,system shall able display menu time facilitate manual order take need arise,LF
ECSS_E_ST_35CRev1,27.0,system shall utilise periodic second keepalive message tablet server monitor tablet operational status,O
ECSS_E_ST_35CRev1,27.0,system shall flag tablet fail send timely keepalive message nonoperational disassociate assign waiter tablet,FT
ECSS_E_ST_35CRev1,27.0,waiter password use tablet login must bitstrength least bit,SE
ECSS_E_ST_35CRev1,27.0,waiter password use tablet login must change every three month,SE
ECSS_E_ST_35CRev1,27.0,waiter shall able log one tablet give instance time,SE
ECSS_E_ST_35CRev1,27.0,waiter attempt log second tablet already log another tablet shall reject notified tablet,SE
ECSS_E_ST_35CRev1,27.0,display shall require user log,SE
ECSS_E_ST_35CRev1,27.0,surface computer shall require user log,SE
ECSS_E_ST_35CRev1,27.0,tablet shall require user log use username password,SE
ECSS_E_ST_35CRev1,28.0,system fully function major browser,PO
ECSS_E_ST_35CRev1,28.0,system support mobile user way,PO
ECSS_E_ST_35CRev1,29.0,response view information shall take longer second appear screen,PE
ECSS_E_ST_35CRev1,29.0,system shall accommodate large data item without fault,FT
ECSS_E_ST_35CRev1,29.0,system use secure database,SE
ECSS_E_ST_35CRev1,29.0,unauthorised user read data without modify anything,SE
ECSS_M_ST_70C,29.0,ab shall handle expect unexpected error way prevent loss information long downtime period,FT
ECSS_E_ST_35CRev1,30.0,authenticate login user web app,F
ECSS_E_ST_35CRev1,30.0,enable new user register tech support system,F
ECSS_E_ST_35CRev1,30.0,enable register user change password forget password,F
ECSS_E_ST_35CRev1,30.0,enable register user view profile additional information viz question ask answer post also display,F
ECSS_E_ST_35CRev1,30.0,enable user view question correspond answer,F
ECSS_E_ST_35CRev1,30.0,enable log user ask question,F
ECSS_E_ST_35CRev1,30.0,enable log user post answer,F
ECSS_E_ST_35CRev1,30.0,enable log user vote vote answer,F
ECSS_E_ST_40_07C,30.0,provide interface admin approve post post visible without admin approval,F
ECSS_E_ST_35CRev1,30.0,enable admin generate report contain post correspond reply,F
ECSS_E_ST_35CRev1,30.0,information transmission securely transmit server without change information,SE
ECSS_E_ST_35CRev1,30.0,intuitive even first time user,LF
ECSS_E_ST_35CRev1,31.0,flea market system interface web server rdbms software use apis provide implementation language,O
ECSS_E_ST_35CRev1,31.0,transaction flea market require valid user id password,SE
ECSS_E_ST_35CRev1,31.0,secure data transfer internet could provide use ssl encryption configure host system administrator,SE
ECSS_E_ST_35CRev1,31.0,ip address transaction make log,SE
ECSS_E_ST_35CRev1,31.0,user password store database encrypt format,SE
ECSS_E_ST_35CRev1,31.0,system function control use administrative interface,F
ECSS_E_ST_35CRev1,31.0,detailed documentation code srs enable easy maintenance flea market,MN
ECSS_E_ST_35CRev1,32.0,information record must include optional field context,F
ECSS_E_ST_35CRev1,32.0,information tag accord enter data,F
ECSS_E_ST_35CRev1,32.0,must able download recent medical record,F
ECSS_E_ST_35CRev1,32.0,must store recent copy information application data folder,F
ECSS_E_ST_35CRev1,32.0,must update part change connect server,O
ECSS_E_ST_35CRev1,32.0,must able change update information server,O
ECSS_E_ST_35CRev1,32.0,application must log user exit,SE
ECSS_E_ST_35CRev1,32.0,correct combination username password require user login,SE
ECSS_E_ST_35CRev1,32.0,give drilldown view data medical record logging,LF
ECSS_E_ST_50C,32.0,user must able set option hide information base tag,F
ECSS_E_ST_50C,32.0,user must able add photo hisher photo library hisher medical record,F
ECSS_E_ST_50C,32.0,must allow user login,F
ECSS_E_ST_50C,32.0,must allow user logout,F
ECSS_E_ST_50C,32.0,information must viewable website,F
ECSS_E_ST_50C,32.0,information must updatable website,F
ECSS_E_ST_50C,32.0,must allow user download backup medical information,F
ECSS_E_ST_50C,32.0,logout must automatic hour inactivity,SE
ECSS_E_ST_50C,32.0,full data backup must create daily,SE
ECSS_E_ST_50C,32.0,user must log able view edit medical information,F
ECSS_E_ST_50C,32.0,account must securely store data,SE
ECSS_E_ST_50C,32.0,account must separate identify account number,F
ECSS_E_ST_50C,33.0,system shall allow user choose filling want,F
ECSS_E_ST_50C,33.0,system shall allow user choose preferable topping,F
ECSS_E_ST_50C,33.0,system shall allow user decorate doughnut,F
ECSS_E_ST_50C,33.0,system shall give user opportunity user choose selection doughnut provide,F
ECSS_E_ST_50C,33.0,system take customer name,F
ECSS_E_ST_50C,33.0,system keep customer contact number,F
ECSS_E_ST_50C,33.0,system keep customer email,F
ECSS_E_ST_50C,33.0,system ask user key pickup date,F
ECSS_E_ST_50C,33.0,system require user state time doughnut deliver,F
ECSS_E_ST_50C,33.0,system keep location doughnut send,O
ECSS_E_ST_50C,33.0,website available whenever user want use,A
ECSS_E_ST_50C,34.0,system use ssl secure socket layer transaction include confidential customer information,SE
ECSS_E_ST_50C,4.0,system must automatically log customer period inactivity,SE
ECSS_E_ST_50C,34.0,system leave cooky customer computer contain user password,SE
ECSS_M_ST_70C,34.0,system backend server shall accessible authenticated administrator,SE
ECSS_M_ST_70C,34.0,sensitive data encrypt sent insecure connection like internet,SE
ECSS_M_ST_70C,34.0,system provide storage database redundant computer automatic switchover,O
ECSS_M_ST_70C,34.0,reliability overall program depend reliability separate component main pillar reliability system backup database continuously maintain updated reflect recent change,FT
ECSS_M_ST_70C,34.0,enduser may use system os either window linux,PO
ECSS_M_ST_70C,35.0,logo current basic design registration system display system attractive accord client design color make user feel comfortable use system instead flash useless color screen design also reflect seriousness environment,LF
ECSS_M_ST_70C,35.0,system able manage information incoming database catalogue,O
ECSS_M_ST_70C,35.0,product web base therefore used environment allow web access,PO
ECSS_M_ST_70C,35.0,system successfully operate registration system integrate service portal,O
ECSS_M_ST_70C,35.0,system need entirely selfsupporting since user would use register course,US
ECSS_E_ST_40_07C,35.0,web interface compatible standard order usable via major web browser wide variety environment,PO
ECSS_E_ST_40_07C,35.0,everyone stakeholder guests access system catalogue every client must secure private access hisher data service man access every part system access except guest tour access require identification id password,SE
ECSS_E_ST_40_07C,35.0,system develop security system reduce minimum possibility corruption system andor human,SE
ECSS_E_ST_40_07C,36.0,operational interface shall mean time failure le day,FT
ECSS_M_ST_70C,36.0,system shall available time,A
ECSS_M_ST_70C,36.0,software system need robust security mechanism place unauthorized user allow access part system,SE
ECSS_M_ST_70C,36.0,user shall either trust trust,SE
ECSS_M_ST_70C,36.0,source code development related document shall control version control system,MN
ECSS-E-ST-10-06C,36.0,source code shall adhere agree upon welldefined set coding standard development language use,MN
ECSS-E-ST-10-06C,36.0,since software must run several popular hardware platform goal achieve reasonable level platform independence,PO
ECSS-E-ST-10-06C,37.0,high level performance require high speed network high level connectivity,PE
ECSS-E-ST-10-06C,37.0,available server must reliable network connectivity supermarket proper smooth flow operation data,O
ECSS-E-ST-10-06C,37.0,every user software provide unique login id password store database hash sha algorithm,SE
ECSS-E-ST-10-06C,37.0,software available use supermarket opening time closing time,A
ECSS_M_ST_70C,38.0,system shall accommodate high number item user without fault,FT
ECSS_M_ST_70C,38.0,system use shall cause harm human user,SE
ECSS_M_ST_70C,38.0,system use secure database,SE
ECSS_M_ST_70C,38.0,normal user read information edit modify anything except personal information,SE
ECSS_M_ST_70C,38.0,system different type user every user access constraint,SE
ECSS-E-ST-10-06C,38.0,control database keep track record customer employee detail,F
ECSS-E-ST-10-06C,38.0,contact vendor give permission sell product site test product quality,F
ECSS-E-ST-10-06C,38.0,view detail employee control whole site,F
ECSS-E-ST-10-06C,38.0,customer must valid login id enter site,SE
ECSS-E-ST-10-06C,38.0,new user sign create new id,F
ECSS-E-ST-10-06C,38.0,view available product compare make choice purchasing product,F
ECSS-E-ST-10-06C,38.0,purchase product valid credit card,F
ECSS-E-ST-10-06C,38.0,give feedback x customer care service center impression site service,F
ECSS-E-ST-10-06C,38.0,customer must logout site purchasing product,F
ECSS-E-ST-10-06C,38.0,visit site without registration,F
ECSS-E-ST-10-06C,38.0,vendor must take permission administrator sell product site administrator test product quality accord market price permit vendor sell purpose,F
ECSS-E-ST-10-06C,38.0,consult administrator regard product quality advertisement,F
ECSS-E-ST-10-06C,38.0,view personal detail customer,F
ECSS-E-ST-10-06C,38.0,responsible properly allocate select product accord customer choice deliver product customer,F
ECSS-E-ST-10-06C,38.0,keep track product item stock sell purpose,F
ECSS-E-ST-10-06C,38.0,responsible inform administrator product item stock goes minimum level,F
ECSS-E-ST-10-06C,38.0,take permission administrator product purchase vendor,F
ECSS-E-ST-10-06C,38.0,responsible manage stock product item,F
ECSS-E-ST-10-06C,38.0,keep track payment transaction make customer update payment information,F
ECSS-E-ST-10-06C,38.0,responsible contact bank validation ac number provide customer purchase make transaction give ac,F
ECSS-E-ST-10-06C,38.0,consult administrator payment detail customer update database,F
ECSS-E-ST-10-06C,38.0,provide feasible solution customer complaint query,F
ECSS_M_ST_70C,39.0,system require user state time doughnut deliver,F
ECSS_E_ST_50_51C,40.0,system expect reasonable short time response voter able login able get response request second,PE
ECSS_M_ST_70C,40.0,data transaction client server must encrypt use ssl technology,SE
ECSS_M_ST_70C,40.0,password generate accepted must store database encrypt form,SE
ECSS_M_ST_70C,40.0,prevent attack system generate random word ask user enter correctly multiple tryings,SE
ECSS_M_ST_70C,40.0,system warn eca user malfunction system,FT
ECSS_M_ST_70C,40.0,system simple use,LF
ECSS_M_ST_70C,42.0,physicianpharmacist must valid user login access system,F
ECSS-E-ST-10-06C,42.0,fail login alert physicianpharmacist,F
ECSS-E-ST-10-06C,42.0,list available patient display login,F
ECSS-E-ST-10-06C,42.0,error message alert invalid patient enter,F
ECSS-E-ST-10-06C,42.0,backspacereset capability implement typing error,F
ECSS-E-ST-10-06C,42.0,select specified patient information load,F
ECSS-E-ST-10-06C,42.0,return list available patient load correct,F
ECSS-E-ST-10-06C,42.0,navigation select tab,F
ECSS-E-ST-10-06C,42.0,font larger enough easy reading,F
ECSS-E-ST-10-06C,42.0,icon clearly illustrate feature represent,F
ECSS-E-ST-10-06C,42.0,basic patient information show first,F
ECSS-E-ST-10-06C,42.0,customize information displayed,F
ECSS-E-ST-10-06C,42.0,entry show full,F
ECSS-E-ST-10-06C,42.0,text timedate note enter displayed start recent,F
ECSS-E-ST-10-06C,42.0,new delete button allow physicianpharmacist add notation patient file,F
ECSS-E-ST-10-06C,42.0,description timedate prescription order give displayed start recent,F
ECSS_M_ST_70C,43.0,user system shall login use form unique identification,SE
ECSS_M_ST_70C,43.0,login attempt shall do secure manner,SE
ECSS_Q_ST_70C,43.0,system shall compatible microsoft window operate system,O
ECSS_Q_ST_70C,45.0,system shall allow administrator remove equipment,F
ECSS_Q_ST_70C,45.0,system shall allow administrator install additional distribute location template,F
ECSS_M_ST_70C,45.0,system shall allow administrator remove physical location,F
ECSS_M_ST_70C,45.0,system shall allow administrator define negotiation rule organization,F
ECSS_M_ST_70C,45.0,system shall give mediator privilege schedule location equipment resource,F
ECSS_M_ST_70C,45.0,system shall allow mediator negotiate meeting date,F
ECSS_M_ST_70C,45.0,system shall allow mediator solve date conflict,F
ECSS_M_ST_70C,45.0,system shall allow mediator negotiate location equipment,F
ECSS_E_ST_50C,45.0,system shall allow mediator solve location conflict,F
ECSS_E_ST_50C,45.0,system shall allow mediator send receive message user,F
ECSS_E_ST_50C,45.0,system shall allow initiator view information meeting initiate,F
ECSS_E_ST_50C,45.0,system shall allow initiator cancel meeting initiate,F
ECSS_E_ST_50C,45.0,system shall allow initiator send receive message user,F
ECSS_E_ST_50C,45.0,system shall authenticate user begin session,F
ECSS_E_ST_50C,45.0,system shall allow user view schedule,F
ECSS_E_ST_50C,45.0,system shall notify user schedule change,F
ECSS_E_ST_50C,45.0,system shall allow user send receive message,F
ECSS_E_ST_50C,45.0,system shall request user response initiator mediator message,F
ECSS_E_ST_50C,45.0,system shall allow user modify date preference set already submit meeting response,F
ECSS_E_ST_50C,45.0,system shall allow user modify location preference set already submit meeting response,F
ECSS_E_ST_50C,45.0,system shall allow user modify equipment requirement set already submit meeting response,F
ECSS_E_ST_50C,45.0,system shall allow user modify date exclusion set already submit meeting response,F
ECSS_E_ST_50C,45.0,system shall allow user change password,F
ECSS_E_ST_50C,45.0,system shall allow user view past attended meeting,F
ECSS_E_ST_50C,45.0,system shall allow user view pending meeting,F
ECSS_E_ST_50C,45.0,system shall show meeting user ascend time order default,F
ECSS_E_ST_50C,45.0,system shall allow user view equipment information,F
ECSS_E_ST_50C,45.0,system shall allow user view user information,F
ECSS_E_ST_50C,45.0,system shall allow user specify custom meeting location,F
ECSS_E_ST_50C,45.0,system shall allow user view location information,F
ECSS_E_ST_50C,45.0,system shall allow user search available distribute location templatesif,F
ECSS_E_ST_50C,45.0,system shall allow user view information concern available distribute location templatesif,F
ECSS_E_ST_50C,45.0,web application shall add second perceivable overhead time necessary web database transaction time,PE
ECSS_E_ST_50C,45.0,system shall utilize http communication ensure data confidentiality,SE
ECSS_E_ST_50C,45.0,user authentication privilege define outside scope sytem microsoft active directroy server,SE
ECSS_E_ST_50C,45.0,personal information security define outside scope sdms database server,SE
ECSS_E_ST_50C,45.0,user shall require log system operation except operation login page,SE
ECSS_E_ST_50C,45.0,system shall run window server,PO
ECSS_E_ST_50C,45.0,system shall compatible ii apache,PO
ECSS_E_ST_10_11C,46.0,system shall display product configure,F
ECSS_E_ST_10_11C,46.0,system shall allow user select product configure,F
ECSS_E_ST_10_11C,46.0,system shall display available component product configure,F
ECSS_E_ST_10_11C,46.0,system shall enable user add one component configuration,F
ECSS_E_ST_10_11C,46.0,system shall notify user conflict current configuration,F
ECSS_E_ST_10_11C,46.0,system shall allow user confirm completion current configuration,F
ECSS_E_ST_10_11C,46.0,system shall display detailed information select product,F
ECSS_E_ST_10_11C,46.0,system shall provide browsing option see product detail,F
ECSS_E_ST_10_11C,46.0,system shall display detailed product categorization user,F
ECSS_E_ST_10_11C,46.0,system shall enable user enter search text screen,F
ECSS_E_ST_10_11C,46.0,system shall enable user select multiple option screen search,F
ECSS_E_ST_10_11C,46.0,system shall display match product base search,F
ECSS_E_ST_10_11C,46.0,system shall display match result current screen,F
ECSS_E_ST_10_11C,46.0,system shall enable user navigate search result,F
ECSS_E_ST_10_11C,46.0,system shall notify user match product find search,F
ECSS_E_ST_10_11C,46.0,system shall allow user create profile set credential,F
ECSS_E_ST_10_11C,46.0,system shall authenticate user credential view profile,F
ECSS_E_ST_10_11C,46.0,system shall allow user update profile information,F
ECSS_E_ST_10_11C,46.0,system shall display active complete order history customer profile,F
ECSS_E_ST_10_11C,46.0,system shall allow user select order order history,F
ECSS_E_ST_10_11C,46.0,system shall display detailed information select order,F
ECSS_E_ST_10_11C,46.0,system shall display frequently search item user profile,F
ECSS_E_ST_10_11C,46.0,system shall allow user register newsletter survey profile,F
ECSS_E_ST_10_11C,46.0,system shall allow user select support type want,F
ECSS_E_ST_10_11C,46.0,system shall allow user enter customer product information support,F
ECSS_E_ST_10_11C,46.0,system shall display customer support contact number screen,F
ECSS_E_ST_10_11C,46.0,system shall allow user enter contact number support personnel call,F
ECSS_E_ST_10_11C,46.0,system shall display online help upon request,F
ECSS_E_ST_10_11C,46.0,system shall display faq upon request,F
ECSS_E_ST_10_11C,46.0,system shall maintain customer email information require part customer profile,F
ECSS_E_ST_10_11C,46.0,system shall send order confirmation user email,F
ECSS_E_ST_10_11C,46.0,system shall display detailed invoice current order confirm,F
ECSS_E_ST_10_11C,46.0,system shall optionally allow user print invoice,F
ECSS_E_ST_10_11C,46.0,system shall provide shop cart online purchase,F
ECSS_E_ST_10_11C,46.0,system shall allow user addremove product shop cart,F
ECSS_E_ST_10_11C,46.0,system shall display different shipping option provide shipping department,F
ECSS_Q_ST_40C,46.0,system shall enable user select ship method payment process,F
ECSS_Q_ST_40C,46.0,system shall display shipping charge,F
ECSS_Q_ST_40C,46.0,system shall display tentative duration shipping,F
ECSS_Q_ST_40C,46.0,system shall allow user enter order information track,F
ECSS_Q_ST_40C,46.0,system shall display current track information order,F
ECSS_Q_ST_40C,46.0,system shall calculate tax order,F
ECSS_Q_ST_40C,46.0,system shall display tax information order,F
ECSS_Q_ST_40C,46.0,system shall display available payment method payment,F
ECSS_Q_ST_40C,46.0,system shall allow user select payment method order,F
ECSS_Q_ST_40C,46.0,system shall display order eligible change,F
ECSS_Q_ST_40C,46.0,system shall allow user select order change,F
ECSS_Q_ST_40C,46.0,system shall allow user cancel order,F
ECSS_Q_ST_40C,46.0,system shall notify user change make order,F
ECSS_Q_ST_40C,46.0,system shall enable user enter review rating,F
ECSS_Q_ST_40C,46.0,system shall display available financing option,F
ECSS_Q_ST_40C,46.0,system shall allow user select financing option,F
ECSS_Q_ST_40C,46.0,system shall notify use financing request,F
ECSS_Q_ST_40C,46.0,system shall allow user view detail sitemap,F
ECSS_Q_ST_40C,46.0,system shall display available promotion user,F
ECSS_Q_ST_40C,46.0,system shall allow user select available promotion,F
ECSS_Q_ST_40C,46.0,system shall allow user confirm purchase,F
ECSS_Q_ST_40C,46.0,system shall enable user enter payment information,F
ECSS_Q_ST_70C,46.0,system shall provide uniform look feel web page,LF
ECSS_Q_ST_70C,46.0,system shall provide digital image product product catalog,US
ECSS_Q_ST_70C,46.0,system shall provide use icon toolbars,US
ECSS_Q_ST_70C,46.0,system shall provide handicap access,US
ECSS_Q_ST_70C,46.0,system shall provide multi language support,US
ECSS_Q_ST_70C,46.0,system shall provide contractual agreement internet service provider access availability,A
ECSS_Q_ST_70C,46.0,system shall provide contractual agreement internet service provider provide availability network facility onto internet,A
ECSS_Q_ST_70C,46.0,product shall base web run web server,O
ECSS_Q_ST_70C,46.0,product shall take initial load time depend internet connection strength also depend medium product run,PE
ECSS_Q_ST_70C,46.0,performance shall depend upon hardware component clientcustomer,PE
ECSS_Q_ST_70C,46.0,system shall use secure socket transaction include confidential customer information,SE
ECSS_Q_ST_70C,46.0,system shall automatically log customer period inactivity,SE
ECSS_Q_ST_70C,46.0,system shall confirm transaction customer web browser,US
ECSS_Q_ST_40C,46.0,system shall leave cooky customer computer contain user password,SE
ECSS_Q_ST_40C,46.0,system shall leave cooky customer computer contain user confidential information,SE
ECSS_Q_ST_40C,46.0,customer web browser shall never display customer password shall always echo special character represent type character,SE
ECSS_Q_ST_40C,46.0,customer web browser shall never display customer credit card number retrieve database shall always show last digit credit card number,SE
ECSS_Q_ST_40C,46.0,system backend server shall never display customer password customer password may reset never show,SE
ECSS_Q_ST_40C,46.0,system backend databases shall encrypt,SE
ECSS_Q_ST_40C,47.0,system shall allow user register account page system,F
ECSS_Q_ST_40C,47.0,system use single password per user login estore system,SE
ECSS_Q_ST_40C,47.0,system shall use secure socket layer ssl technology ensure payment make online user logins secure,SE
ECSS_Q_ST_40C,48.0,page application take second load dsl broadband connection,PE
ECSS_Q_ST_40C,48.0,system may throttle slow heavy load ensure service everybody throttle meant certain functionality may unavailable heavy server load,PE
ECSS_Q_ST_40C,48.0,application able support concurrent user without performance degradation,PE
ECSS_Q_ST_60_12C,48.0,system able scale concurrent user need future instal additional hardware component,SC
ECSS_Q_ST_60_12C,48.0,mtbf le month,A
ECSS_Q_ST_60_12C,48.0,secure server require ensure confidentiality customer credit card detail,SE
ECSS_Q_ST_60_12C,48.0,user interface system user friendly,US
ECSS_Q_ST_60_12C,48.0,take second new user register account,US
ECSS_Q_ST_60_12C,48.0,take second register user place order,US
ECSS_Q_ST_60_12C,48.0,system easy enough maintain someone else could manual hour train,MN
ECSS_Q_ST_60_12C,48.0,system portable various operate environment,PO
ECSS_Q_ST_60_12C,49.0,register user must able maintain hisher session information least minute inactive session system prompt log system register user must provide option estore regardless time heshe log,F
ECSS_Q_ST_60_12C,49.0,entire website must userfriendly easily navigable website must provide site map quick access particular link accord requirement specification user must able find heshe want site without difficulty website must adhere brand scheme layout web page must uniform throughout,US
ECSS_Q_ST_60_12C,49.0,system shall support simultaneous user central database give time simultaneous user local server one time performance website must optimal incase huge load hence appropriate load balancing must do achieve number mirror server readily available case huge load without user get delay,PE
ECSS_Q_ST_60_12C,49.0,website must provide highest degree security register user transaction make must secure sensitive information pass website must secure identity theft security relate issue must solve unauthorized transmission sensitive information user third party website reference must avoid basis user agreement information must process information register user must securely stored central database,SE
